source_id,source_url,source_author,source_date,cite_date,notes,stone_name_fi,event_date,location_info,stone_name_en,stone_name_sv
laine1888,https://digi.kansalliskirjasto.fi/teos/binding/1915275?term=v%C3%A4kikive%C3%A4&page=36,Juho Laine,1888-01-01,2025-10-22,"Onnen vaiheet: Kokoontuipa taas poikia, muiden muassa Riskikin, kylän tanhualle, ja voimankoetus alkoi. Heitettiin painia, vedettiin kissanhäntää ja väkikarttua sekä nostettiin väkikiveä. Rassin Roisto voitti toiset aivan järestään; mutta Jukka ei ottanut osaa koetuksiin. Jukkaa ei Roisto ollut koskaan voittanut. Sanottiin hänen tahallaan jättävän voiton aina ystävälleen eikä Jukka ruvennut kilpaan kenenkään muiden kanssa, vaan arveli, että koska hän voittaa Roiston ja Roisto voittaa toiset, niin tietäväthän he koettamattakin, kutka heistä ovat väkevimmät.",,,,,
turistforeningsarsbok01011898,https://digi.kansalliskirjasto.fi/aikakausi/binding/963868?term=v%C3%A4kikivi&page=58,, 1898-01-01,2025-10-22,"Nuija-Heikin väkikivi Synsiön kylässä Kangasniemellä on vähän matkaa koilliseen Vehkomäen talosta, taloon päin viettävällä kalliolla. Talon puoliselta suolta on Nuija-Heikki kansan puheen mukaan kantanut tuon kiven kalliolle. Se on länsipuolelta 150 ja itäpuolelta 75 cm korkea, 125 cm pitkä ja 60 cm paksu, eikä siis voi olla kanta-maila tuotu. Kiven kylkeen on joku rahvaan mies epäselvästi hakannut mainitun kiven nimen.",Nuija-Heikin väkikivi,,"Kangasniemi, Hankasalmi, Synsiö",,
leppanen2018,https://www.academia.edu/38489182/_Kivet_kipper%C3%A4ll%C3%A4_asemalla_Suomen_kivip%C3%B6ytien_rakenteen_ja_arkeologisen_kontekstin_analyysi,Jere Leppänen,2018-01-01,2025-10-23,"4.5. Väkikiviä?
Castrén (1886: 35–36) kertoo Haapajärven kihlakunnassa, tarkemmin Pyhäjärven
alueella, kivipöydistä puhuttavan väkikivinä. Castrénin mukaan nimitykset vaihtelevat eri
alueilla, ja toisaalla kiviin viitataan jättiläisten väkikivinä. Termi aukeaa Sarkkisen (2010) Pyhäjärven Kaakkomäki idän kivipöydän tarkastuskertomuksessa: vuosi tarkastuksen jälkeen Sarkkinen sai tiedonannon, jonka mukaan rakennelma olisi tehty 1940-luvulla, mahdollisesti rakentajien voimien näytöksi. Kyseessä on siis luultavasti väkikivi.
Kivipöytä on muista poikkeava, sillä siinä on tasaisen maakiven päällä jalat, joiden päällä
keskikivi ja jonka päällä vielä pyöreä yläkivi. Väkikivi viittaa siis varta vasten kivien
nostamisen vuoksi tehtyihin kivipöytiin. Castrénin kuvailema Haukilampien välissä oleva kivipöytä sijaitsee noin 2,5 km lounaaseen Sarkkisen tarkastamasta kivestä. Myös Haukilampien rakennelmassa on suuren maakiven päällä pieniä kiviä ja niiden päällä laakea kivi. Olisiko kyseessä jokin mahdollisesti paikallinen, sittemmin unohdettu perinne?",,Nuija-Heikin väkikivi,,"Kangasniemi, Hankasalmi, Synsiö",
uusisuometar07071876,https://digi.kansalliskirjasto.fi/sanomalehti/binding/426436?page=6,,1876-07-07,2025-12-05,"Hankasalmeen lohenneitten pitäjäläisten kanssa on waan kowat riidat kassain jakamisesta, sillä he tekewät niin tarkkaa, että kirkosta ynnä pappilan wirkataloista tahtowat osia. Ruiskaswit yleisesti huonon-puoleiset, waan suwi-touon oraat wähän paremmat. Heinät lupaawat hywää satoa. C. lämpömittari on päiwässä osottanut tänään 38½ ja yöllä 20½ astetta. Eihän silloin enään turkkia tarwita. Historiallisia wanhoja nimiä täällä löytyy 2 Hiidennientä, Hiidenluola, Hiislammin kangas, Lappi, Lapinpaasi, Käräjäniemi, Toranlahti, Pirttilahti ja -mäki, Terwamäki, Wawessaari, Lapinsalo, Ison Heikin wäkikiwi ja kalliokirjoitus Synsiön rannalla, Kerinkanta, Simpiö, Salwuri j. n. e.",Ison Heikin väkikivi,,"Kangasniemi, Hankasalmi, Synsiö",,
turistforeningsarsbok01011898,https://digi.kansalliskirjasto.fi/aikakausi/binding/963868?term=v%C3%A4kikivi&page=58,,1898-01-01,2025-10-22,"Jalassyrjän talon maalla Pirttiniemellä Siikajärven itärannalla kuuluu olevan samanlainen kivi, jossa on kirjoitus: Otto Aatunpojan väkikivi. Noiden nimien synnystä ei ole tietoa tallessa.",Otto Aatunpojan väkikivi,,,,
leppanen2018,https://www.academia.edu/38489182/_Kivet_kipper%C3%A4ll%C3%A4_asemalla_Suomen_kivip%C3%B6ytien_rakenteen_ja_arkeologisen_kontekstin_analyysi,Jere Leppänen,2018-01-01,2025-10-23,"Väkikiviperinne ei rajoitu ainoastaan Pyhäjärven seudulle. Paasonen (1889: 146) kuvailee
Mikkelin kihlakunnassa kahta kivipöytää, jotka epäilemättä ovat väkikiviä. Paasosen
mukaan Nuija-Heikin väkikiven sileällä pinnalla teksti: ”TÄ_ON NVIH?IF?I VÄ KIVI”.
Hänen mukaansa kihlakunnasta löytyy myös toinen vastaava kivi, jossa on teksti: ”Otto
Aatunpojan väkikivi”. Kivet ovat ilmeisesti ainoita kivipöytiä, joissa on jotain kirjoitusta
tai ylipäänsä työstöjälkiä. Väkikivien ajoituksesta ei ole tietoa, mutta oletettavasti
kyseessä on melko myöhäisiä rakenteita.
Voiko väkikivitulkintaa soveltaa myös muihin aineiston kivipöytiin? Pyhäjärven
kivipöydät ovat rakenteeltaan muista poikkeavia, mutta Castrénin mainitsemista muut
kivet voivat olla lopun aineiston kaltaisia. Kirjoitukselliset kivet taas ovat ilmeisesti
rakenteeltaan muiden kivipöytien kaltaisia; ainakin Nuija-Heikin väkikivi on kallion
päällä (Paasonen 1889: 146). Kivipöytiä on siis saatettu tehdä ilman mitään erityisempää
syytä. Tällaisessa tapauksessa niiden todellinen luonne tuskin ikinä paljastuu. ",Otto Aatunpojan väkikivi,,,,
sarkkinen2010,https://www.kyppi.fi/palveluikkuna/raportti/read/asp/r_raportti_det.aspx?RAPORTTI_ID=142087,Mika Sarkkinen,2010-07-29,2025-10-24,"Perimätiedon mukaan kyseessä on varsin nuori kohde, voimannäyttönä syntynyt
rakennelma, josta voi käyttää nimitystä ""väkikivet"". Vastaavia tarinoita on ainakin vanhoissa
kihlakuntakertomuksissa:  ""Alemman kjven pikkukivien päälle on nostanut joku Kananen ja ylemmen ja suurimman kiven Matti Pasanen Vuohtomäeltä. Pasanen kuoli pari vuotta sitten ehkä seitsenkymppisenä. Motiiviksi kiviasetelmiin Raimo arveli miesten keskeisen voiman näyttämisen"" ",Kaakkomäen väkikivet,,,,
urheilulehti01041911,https://digi.kansalliskirjasto.fi/aikakausi/binding/882323?term=v%C3%A4kikive%C3%A4&page=12,,1911-04-01,2025-10-22,"Ritolan isäntä on myös kova hiihtäjä ja on ensimäisen palkinnon ottaja ensimäisissä Haapaveden hiihtokilpailuissa noin 30 vuotta takaperin, sitäpaitsi on hän innokas urheilun harrastaja. Eipä Ritolasta vieras juuri päässyt, ennenkuin oli talon isännän kanssa »kissanhäntää» vetänyt, väkikiveä nostanut t. m. s.",,,,,
kauppisheikki1912,https://digi.kansalliskirjasto.fi/teos/binding/1915239?term=v%C3%A4kikiven&page=15,Kauppis-Heikki,1912-01-01,2025-10-22,"Nuoruuden ikäkaudella, jolloin muut katselevat itselleen elämänkumppania, oli Paavo saanut väkikiven nostoharrastuksen. Sitä ei kestänyt monta vuotta, mutta niin kokonaan se piti vallassaan, ettei hän tullut katsoneeksikaan hameväkeen päin. Paavon huomio oli niinä vuosina kääntynyt vankimman näköisiin miehiin, ja niiden täytyi olla peräti välinpitämättömiä voimainsa suuruudesta, jos eivät suostuneet väkikiven nostoon.",,,,,
pyrkija15031914,https://digi.kansalliskirjasto.fi/aikakausi/binding/954028?term=v%C3%A4kikiviksi&term=v%C3%A4kikivi&page=6,,1914-03-15,2025-10-22,"piirteitä pohjoiskarjalaisista kansanfyuueista ja
ajanoiettotauoista entisaikaan: Väkikivennosto oli myös suosittu kesäinen urheilu. Pihassa tai lähistöllä oli usein eri kokoisia kiviä vallanvasten väkikiviksi varattuja. Nämä kivet säilyivät välistä useamman sukupolven ajan omilla sopivasti valituilla paikoillaan esim. pellon pientarella. Jatkuvan harjoituksen kautta saavutettiin väkikivennostossa erinomaisia, myöhempää polvea ihmetyttäviä tuloksia. Kyllä muistaa näiden rivienkin kirjoittaja hämmästyksensä, kun hänelle näytettiin isoisänßä väkikivi. Poika ei ollut saanut sitä tuumaakaan nousemaan ja pojanpoika tuskin muuten kuin kankien avulla. Polvi heikkonee!",,,,,
viikkosanomat30061923,https://digi.kansalliskirjasto.fi/aikakausi/binding/1735486?term=v%C3%A4kikive%C3%A4&term=v%C3%A4kikivi&term=v%C3%A4kikiven&page=11,,1923-06-30,2025-10-22,"Entisajan voima' miehiä Ähtärissä: Tämän poika Siltalan Kustavi nuorena taas oli voimamies. Kyläkunnan miesten väkikivi oli jossakin aidan vieressä, ja oli se niin raskas tavallisille miehille, ittä vain kaksi miestä koko kyläkunnasta jaksoi sitä hieman liikutella. Kun Kustavi kulki kerran siitä paikasta sivuitse, uin hän heitti kyläkunnan miesten väkikiven aidan taakse. Pahana olivat miehet pitäneet, kun olivat kuulleet Siltalan Kustavin voimateosta.",,,,,
budkavlen01011929,https://digi.kansalliskirjasto.fi/aikakausi/binding/917722?term=lyftesten&page=8,,1929-01-01,202-10-22,"(KUVA)En lyftesten: 1 Approximativt kan stenen betraktas som ett rätt prisma, vars bas utgöres av en triangel med sidorna 56. 46 och 60 cm och vars höjd är 28 cm. Av dessa tal beräknas stenens volym till omkr. 34 dm 3 . Räknar man med en specifik vikt av 2,7 blir stenens vikt omkr. 92 kg.
Ovan avbildade sten befinner sig i Nedervetil vid det vägskäl, där körvägen upp till Klockarbacken viker av från allmänna landsvägen och närmare bestämt på södra sidan av landsvägen. Stenen bär av gammalt namnet *Tomasasstäinä« (Tomas' sten). Den är välbekant för de manliga församlingsmedlemmarna i Nedervetil, ty varje år pröva skriftskolpojkarna sina krafter på densamma. Den, som orkar lyfta stenen från marken, betraktas av sina kamrater som fullvuxen, medan den, som icke mäktar med stenen, anses hava kommit för tidigt till skriftskolan. Och det måste nog erkännas, att den nutida skriftskolungdomen icke fyller måttet, ty en årgång skriftskolpojkar kan vanligen uppvisa endast ett par unga män, som lyfta stenen från marken. 1 De älsta nedervetilborna berätta, att «Tomasasstäinä« har varit föremål för skriftskolungdomens intresse redan före deras tid. Dessutom förklara de alla, att stenen har sitt namn av en man, som hette Tomas och bodde helt nära kyrkan, nämligen på Måsabacka. Denne Tomas skall hava burit stenen den 3 4 km. långa vägen från kyrkan till dess nuvarande plats. Om detta är sant, kan man föreställa sig, att han har vilat flere gånger på vägen. De, som berätta om sambandet iriellan Tomas och stenen, veta i allmänhet icke, när han levde. En person har dock lämnat uppgiften, att Tomas föddes omkr. år 1800.
Walter Herrgård.",Tuomaan kivi,,,Tomas's stone,Tomasasstäinä
hakkapeliitta29091931,https://digi.kansalliskirjasto.fi/aikakausi/binding/1109579?term=Nostokiven&page=23,,1931-09-29,2025-10-22,"Nostokiven kalliolla oli vielä minun nuorena ollessani Ison Rönkön kantama kivi. Sen hän oli ottanut Lehtoniemen pellolta aamiaiselle tullessaan kainaloonsa, pudottanut Kaijanmäen tien varteen ja sanonut:",,,,,
urheilija01011931,https://digi.kansalliskirjasto.fi/aikakausi/binding/864019?term=V%C3%A4kikivi%C3%A4&term=v%C3%A4kikiven&page=28,,1931-01-01,2025-10-22,"KOTISEUTUNI IHANNEMIES.
URHEILIJALLE kirjoitti OSKARI NOUSIAINEN.
Kotiseutuni on erään pitäjän uloin kolkka karussa Suur- Savossa.Väkikiviä on vanhempaan aikaan ollut joka kylässä. Kangasniemessä on sellaisia ollut paljon — on kait vieläkin. Nuorena (23-vuotiaana v. 1823) kuollut talollinen Antti Nousiainen on pitäjän historian mukaan ollut kuuluisa voimamies, joka kävi salaa viskaamassa entisen väkikiven korkean kujan aidan yli kuin ei mitään. Mutta näillä kansan muistelmilla on suurempi ja syvempi arvo. Ne muodostuvat vähitellen hahmotteluksi miesihanteesta. Onhan jokaisesta voimamiehestä aina lausuttu myös oliko hän »komea ja kaunis», minkälainen hän oli luonteeltaan jne. Kullakin seudulla on oma kansanomainen miesihanteensa. Se on myöskin todellinen sikäli, että se on kansan kertomuksissa kudottu arvoa ja kunnioitusta nauttineiden miesten nimen ympärille. Ja tämä minun kotiseutuni ihannemies, olisi antiikin aikakaudenkin mittojen mukaan kelpaava kilpakentälle — vaikka hänen saavutuksistaan kertovatkin nyt enää karuille rinteille raivatut pellot jykevine kiviaitoineen — ja väkikivet, jotka ovat jo sammaltuneet.",,,,,
kansankuvalehti16011931,https://digi.kansalliskirjasto.fi/aikakausi/binding/871141?term=v%C3%A4kikivenkin&term=v%C3%A4kikivi&term=v%C3%A4kikive%C3%A4&page=12,,1931-01-16,2025-10-22,"Tavallista kesäpäivän pyhätyötä oli kärryjen viskaaminen akselista pään ylitse. Siihen kyllä, jos kärryt olivat isot, ei joka mies kyennyt. Suutari-Vihtori yritti kerran ja väänsi itsensä pilalle, mutta monet raavaat ukot heittelivät kärryjä vain kerta toisensa perästä. Eheää miestä vaati väkikivenkin nosto, joka myös oli jokapyhäistä askartelua. Monen talon kartanolla oli komea väkikivi, jota sadat kourat olivat kuluttaneet ja yhä kuluttivat. Monesti vielä naisetkin olivat kivennostossa miesten kanssa kilpasilla. Jylhän naiset olivat oikein raikuja ihmisiä, puhumattakaan Rotmon tyttäristä. Mutta kun Poras-äijä meni suurta väkikiveä kiskovan miesjoukon luo, otti hän ja heitti kiven aidan ylitse ja sanoi:
— Ei tuollaista kehtaa mies nostella! Vanha Poras-äijä olikin sellainen metsäläinen, että kanteli täysinäisiä tervatynnyreitä kaksittain vain sormikoukullaan tapinreiästä kiinni pitäen.",,,,,
itahame23041931,https://digi.kansalliskirjasto.fi/sanomalehti/binding/1183581?page=1,,1930-04-23,2025-11-04,"Vierailuiltama Hartolan suojeluskunnan talolla.
V. ja U-seura'Sysmän Sisu järjestää iltaman, kuten ilm. tässä num., sunnuntaina t.k. 27 pnä. Hartolalaisille lienee nyt ensihätään mielenkiintoista tietää vierailuun yllyttävät asianhaarat ja siinä mielessä mainitsemme niistä alkusysäyksen. Seuraus vaikuttavista esityksistä ja kunnioitukseen vetoavista teoista oli nyt sellainen, että „Mattilan mummun"" ottaa
„Sisu“ mukaansa hartolalaisille tulijaisiksi ja kuljettaa sen Museon pihamaalle sekä iltamassaan tekee selkoa „mummun“ aikaisemmista hyvinkin mielenkiintoisista vaiheista. ",Mattilan Mummu,,,,
itahame30041930,https://digi.kansalliskirjasto.fi/sanomalehti/binding/1183582?term=nostokiven&term=nostokivest%C3%A4&page=2,,1930-04-30,2025-10-22,"Viime sunnuntainen V. ja U-seura Sysmän ..Sisun"" järjestämä vierailuiltansa Hartolassa sai osakseen erikoisen mielenkiinnon siitä syystä, että seura tällöin tallensi vanhoilta ajoilta säilyneen muistoesineen sileän pallon muotoisen 180,5 kg. painoisen nostokiven Itä-Hämeen museoon.",Mattilan Mummu,,,,
itahame07051930,https://digi.kansalliskirjasto.fi/sanomalehti/binding/1183583?page=2,,1930-05-07,2025-11-04,"Kuuluisin niistä, mistä minä olen kuullut puhuttavan on «Mattilan mummu"" Liikolassa. Mattilan mummu on aivan pyöreä ehkä n. 200 kg.n painoinen kivi, joka siihen aikaan n. 30 v. sitten, kun Liikolan kylä oli vielä entisessä tiheässä ryhmityksessään, sijaitsi aivan kylän keskellä, nyt jo hävitettyjen Mattilan ja Hauvolan talon pihamaalla",Mattilan Mummu,,,,
lahti05011931,https://digi.kansalliskirjasto.fi/sanomalehti/binding/1871951?page=3,,1931-01-05,2025-11-14,"Harvinaislaatuinen oikeus-
juttu.
„Mattilan mummon” museoon vieminen aiheutti oikeusjutun.
Sysmän piakkoin alkavilla talvikäräjillä tulee esille harvinaislaatuinen oikeusjuttu. Talollinen Tuomas Nyberg Sysmän Liikolan kylästä on nim. haastanut talollisen Evert Peltolan, kot. samasta Liikolan kylästä, oikeuteen siitä, että Peltola oli Sysmän Sisun pyynnöstä toimittanut Itä-Hämeen Museoon Liikolan kylässä nostokivenä käytetyn n.s. «Mattilan mummon”, koska se oli joutunut hunningolle ajelehtimaan. Sysmän Sisun johtokunnan jäsenet on haastettu käräjiin myöskin kuulemista varten. Mainittu «Mattilan mummo” on 180 kg. painava pyöreä kivi, jonka nostamista on mainitussa kylässä pidetty korkeana miehisyyden näytteenä.",Mattilan Mummu,,,,
helsinginsanomat08011931,https://digi.kansalliskirjasto.fi/sanomalehti/binding/1828245?page=7,Tiitus,1931-01-08,2025-11-14,"Viime aikoina on mummo, ainakin Sysmän Sisun johtokunnan mielestä, ollut ja ajelehtinut jossain määrin hunningolla. Johtokunta ajatteli kauniisti, että mummo olisi ansainnut kunniakkaan ja rauhallisen vanhuudenkodin, ja niinpä eräs kylän talollisista kyyditsi mainitun seuran pyynnöstä mummon museoon. Mutta eräs toinen talollinen emme tiedä oliko hän rakastunut mummoon vaiko vihastunut museoon, taikka johtuiko se joistakin muista syistä on haastanut mummon kyyditsijan lakitupaan, jonne on kutsuttu kuultavaksi myöskin Sysmän Sisun johtokunta.",Mattilan Mummu,,,,
itahame15011931,https://digi.kansalliskirjasto.fi/sanomalehti/binding/1183625?term=nostokivi%C3%A4&term=nostokiven&page=3,,1931-01-15,2025-10-22,"Eilen, keskiviikkona oli toistamiseen esillä Sysmän kihlakunnanoikeudessa rnaanviij. J. Nybergin nostama syytejuttu maanvilj. Evert Peltolaa vastaan siitä, että hän oli viime huhtikuussa, ilman kantajan lupaa, pois kuljettanut Liikolan kylässä maantienohessa olleen nostokiven, n. k. «Mattilan Mummun"" Sysmän pitäjän Tikkalan kylään, josta kivi edelleen kuljetettiin toisella ajemiehellä Itä-Hämeen Museoon.",Mattilan Mummu,,,,
heinolansanomat17011931,https://digi.kansalliskirjasto.fi/sanomalehti/binding/1825033?page=3,,1931-01-17,2025-11-04,"..Mattilan Mummun"" kyyditys Sysmässä.
Tk. 14 p oii toistamiseen esillä Sysmän kihlakunnanoikeudessa mv. J. Nybergin nostama juttu mv. E .Peltolaa vastaan siitä, että hän oii viime huhtikuussa ilman kan- lupaa pois kuljettanut Riikolan kylässä maantien ohessa olleen nostokiven, ns. »Mattilan Mummun» Sysmän pitäjän Tikkalan kylään, josta kivi edelleen kuljetutettiin toisella ajomiehellä Itä- Hämeen Museoon.",Mattilan Mummu,,,,
suomenmaa20011931,https://digi.kansalliskirjasto.fi/sanomalehti/binding/1920801?page=5,,1931-01-20,2025-11-04,"”Tk. 14 p. oli toistamiseen esillä Sysmän kihlakunnanoikeudessa mv. J. Nybergin nostama juttu mv. E. Peltolaa vastaan siltä, että hän oli viime huhtikuussa ilman kantajan lupaa pois kuljettanut Lllkolan kylässä maantien ohessa olleen nostokiven, ns. ""Mattilan Mummun” Sysmän pitäjän Tikkalan kylään, josta kivi edelleen kuljetutettlin toisella ajomiehellä Itä-Hämeen Museoon. ",Mattilan Mummu,,,,
lahti21021931,https://digi.kansalliskirjasto.fi/sanomalehti/binding/1871832?page=4,,1931-02-21,2025-11-04,"Pentti Niemi on Itä-Hämeen urheiluelämän johtava mies, joka on kantanut kuorman ja helteen Itä- Hämeen urheiluelämän kohottamiseksi. Siinä mielessä Pentti Niemi onkin tehnyt ehken suurimman päivätyön kuin kukaan toinen lahtelaisista urheilijoista. Sysmään mies puuhaa innokkaasti urheilukenttää ja vaikka vastuksia on aina „Mattilan mummusta"" alkaen, niin Niemi on hämäläisellä sitkeydellä päättänyt asian loppuun viedä. Sysmän Sisu onkin Niemen ansiosta seutukuntamme elinvoimaisimpia maalaisurheiluseuroja.",,,,,
itahame16041931,https://digi.kansalliskirjasto.fi/sanomalehti/binding/1183649?term=nostokiven&page=3,,1931-04-16,2025-10-22,", Matti!an Mummu ‘
uhataan viedä pois Hartolan museosta.
Mikäli olemme saaneet kuulla aikoo maanvilj. Juho Nyberg viedä tänään pois n. s. Mattilan Mummu nimisen nostokiven Hartolan museosta.
Kuten lukija muistaa, luovutti Mummun museolle V. ja U-seura Sysmän Sisu. Mutta kun Nyberg ei ole tietääkseemme aiheestaan ilmoittanut asianomaiselle seuralle eikä museon johtokunnalle, näyttää tällainen toimenpide mielivaltaiselta.",Mattilan Mummu,,,,
itahame07051931,https://digi.kansalliskirjasto.fi/sanomalehti/binding/1183655?page=2,,1931-05-07,2025-11-14,"«Mattilan Mummun** takaisin paluu Liikolaan tapahtui viime sunnuntaina.
Aikaisemmat hakuyritykset ja suunnitelmat keskeytyivät sen johdosta, että Museon johto pyysi neuvotella asiasta ensin maanviljelijä Juho Nybergin kanssa. Nyttemmin neuvottelut kuitenkin päättyivät siihen, että ikimuistoissa ollut nostokivi »Mattilan Mummu"" oli luovutettava Jussilan emännäksi. V. ja U-seura Sisun puhemiesneuvosto katsoi tässä tapauksessa velvollisuudekseen kiven takaisinkuljetuksen, koska seuran taholta oli erehdytty Mummun poisviemiseen. Mummun takaisinpaluu tapahtui loistobiilillä ja Sisun puhemiehet syvästi nöyryytettynä käsissä pidellen veivät Mummun Juho Nybergin ja poikain kartanolle viime sunnuntaina.",,,,,
itahame15101931,https://digi.kansalliskirjasto.fi/sanomalehti/binding/1183698?page=1,,1931-10-15,,"Niinkuin niin monella muulla alalla on jo tätä ennen sanohut aina »Mattilan Mummun"" syntymäajoista Breittenfeldin taistelun ja »Suomen korkeimman muistokiven pysyttämisen aikoihin asti.",Mattilan Mummu,,,,
kansankuvalehti15091933,https://digi.kansalliskirjasto.fi/aikakausi/binding/879734?term=nostokivi&page=24,,1933-09-15,2025-10-22,"Tämä oli päätös Mummun muilutusjutussa. Joskin tuo käräjänkäynti kaikkine lystikkäisyyksineen ja mahdollisine sivuvaikutteineen oli osoitteena suomalaisten rakkaudesta käräjöimiseen, oli siitä kuitenkin se hyöty, että Mummu pääsi pois museosta ja kotikylässään entiseen kunniaansa.",Mattilan Mummu,,,,
hulden1952,https://digi.kansalliskirjasto.fi/teos/binding/2108623?term=lyftsten&page=30,Hulden,1952-01-01,2025-10-22,"Stubbåkers grisen stu 1 bakasgrisin, »lyftsten», Kx. Det ansågs som ett gott kraftprov att bära stenen över en teg i Stubbåkern. Anledningen till namnet är stenens avlånga form, släta yta och »grisaktiga» storlek. Den väger 139 kg",Stubbåkerin possu,,,,Stubbåkers grisen
stejskal1954,https://digi.kansalliskirjasto.fi/teos/binding/2100584?term=nostokivi&page=168,Maximilian Stejskal,1954-01-01,2025-10-22,"D 1. Kiven nosto är ett av de vanligaste lyftproven även på finskt håll. En nästan lika allmän benämning är väkikiven nosto. Dessutom kallar man det nostokivi (sTI, Padasjoki, Okk, 5, 310; Vb, Okk, 14, 259), nostokoe (nSI, lisalmi, Okk, 6, 277), painon nosto (sTI„ Jämsä, SKS, Väinö Nieminen, 421 a), käsikivet (Sd, Kullaa, Okk, 18, 55) och kinttukinner nosto (sTI, Jämsä, H. Laitinen, SKS, 421 a).",,,,,
stejskal1954,https://digi.kansalliskirjasto.fi/teos/binding/2100584?term=dr%C3%A4ngsten&page=33,Maximilian Stejskal,1954-01-01,2025-10-22,"Det förekommer vissa slags »karlaprov», genom vilka det gäller att visa, att man lämnat barnaåren bakom sig och nu duger som fullgod karl. 1 ) I samband med skriftskolan övar sig pojkarna i olika slags styrkeprov, t. ex. att »lyfta sten» (D.I; A.A. Pe). De stenar, som därvid begagnas, kallas »skriftskolstenar» (M.H. Mb; K.G.A. La). En sådan sten, som skall lyftas upp i famnen, finnes invid kyrkomuren i Oravais. I Pedersöre finnes en dylik sten bakom klockstapeln vid kyrkan. Får man bara upp stenen från marken, så är provet klarat. Stundom gäller det att resa stenen i upprätt ställning. Ibland heter det, att en yngling inte får gifta sig eller räkna sig som fullvuxen, förrän han orkar lyfta stenen i höjd med knäna. Stundom får man lägga ett rep omkring stenen, som kan väga upp till 250 kg (J.R. Pe; M.H. Nb; M.S. Tj; N.R.Pu).
Stenen kan också vara försedd med järnband, ring eller krok. En sådan sten fanns före sekelskiftet på rådstugugården i Nykarleby. Den kallades »junttansten», och man använde den till att påla med. Det var särskilt »skriftskoleschacket» som övade sig flitigt i att resa upp den i stående ställning (E.E. Nb).",,,,,
stejskal1954,https://digi.kansalliskirjasto.fi/teos/binding/2100584?term=dr%C3%A4ngsten&page=146,Maximilian Stejskal,1954-01-01,2025-10-22,"D 1. Att lyfta sten har enligt SFLD s. 57 varit en »vida spridd» sed. En dylik sten får beteckningen löftesten (Sm, EU 215—13; Vr, ULMA 2128:3 s. 1, 10), löttesten (Sm, LUFS 9280:26), lyftning (Vm, ULMA 4906 s. 22, 37), löftingar (Gä, ULMA 9060 s. 512), kämpasten (Sm, EU 8908, 215), kampasten (Sm, EU 215), kamphäva (Sm, ULMA 92:43 s. 76), kappastenar (Sm, LUFS 6730:39), drängsten (Nä, ULMA 1914 s. 28; Vg, EU 25984-27), drängalyft (Sm, EU 5582), drängalötten (Sm, EU 37597). Andra benämningar är pojkestenar eller herestenar (Vg, EU 27), bjässestenar (Vg, EU 1202,-34), kyrkklot (Vg, ULMA 2750:4 s. 322), kringlet sten (Sm, ULMA 2155:10 s. 82). Dessa lyftstenar är mycket vanliga (Ög, EU 215-13) och finns i vissa socknar i alla byar (Vg, THS 27). Det omtalas 30 st. lyftstenar i en gård (Up, ULMA 3266:2 s. 7). Se kap. 1 s. 30 not.",,,,,
valokuvapaulaharju1928,https://www.finna.fi/Record/museovirasto.8319F7526E14A0B65CD5DCF49C0369E9,Samuli Paulaharju,1928-01-01,2025-10-19,"(KUVA) Porasen tuvan väkikivi
Paulaharju, Samuli , kuvaaja 1928",Porasen tuvan väkikivi,,,,
perhojokilaakso13012021,https://www.perhonjokilaakso.fi/artikkeli/perinnenyrkki-porasen-poikien-latoa-urakoivat-samuli-paulaharjun-kuvassa-viitalan-pojat,Samuli Paulaharju,2021-01-13,2025-10-22,"Perhonjokilaaksossa 6.1. julkaistu kansatieteilijä Samuli Paulaharjun kuva Porasen poikia rakentamassa omaa latoa oli tuttu perholaiselle Eero Viitalalle. Pieninä rakennusmiehinä ahkeroivat hänen tuolloin 6-vuotias isänsä Martti Viitala (vasemmalla) ja setänsä Tauno ja Tenho Viitala vuonna 1928. Lad

",Porasen tuvan väkikivi,,,,
kotiliesi19290815,https://digi.kansalliskirjasto.fi/aikakausi/binding/914090?page=14,,1929-08-19,2025-12-01,"Mutta vain vaateorsien vaalijaksi ja tupakoreaksi ei nuorta naurusuista Liisaa Kinniään tuotu. Hän tiesi kyllä hyvin jo tullessaankin, että heti oli nuorikon miehen rinnalla käytävä raskaimpiinkin ulkotöihin ja tätä varten hän oli tuonut tullessaan omat tutut työkalunsakin: kassaran, sirpin, viikatteen, kirveen ja perukuokan.
Mutta kun suuri ja komea Marjaana, oikein kuuluisa työnraataja, tervametsien koloaja ja väkikivien nostaja samoihin aikoihin tuli Kyyjärven Nopolasta Perhon Jylhäseen miniäksi, oli hänellä vaateva-
rustusten, sekä huone- ja talouskalujen lisäksi mukanaan kaikki työkalut, mitä miehetkin tarvitsevat. Oli kolme kirvestä ja piilu neljäs, neljä viikatetta, sirppi ja kassari, perukuokka ja kytökuokka, talikko, kolme navaria, kolme höylää, kahdet kärryt ja reki sekä ketun ja sudenraudat.",,,,,
carsten1886,https://yksa.disec.fi/Yksa4/id/173170514560200?direction=previous&rd=0#tab/basic,Carstén,1886-01-01,2025-10-24,Kertomus Haapajärven kihlakunnan muinaisjäännöksistä. Jättiläisten väkikivet s. 35,,,,,
kangas2014,https://www.finna.fi/Record/digi.122743?sid=5165041424,Svante Kangas,,2025-10-24,"Tuomas Rönkkö oli harvinaisen kookas ja voimakas mies. Hän oli kotoisin Sonkajärveltä ja tuli Ivaloon maantien tekoon. Tarina kertoo kuinka hän nosti ojasta valtavan kiven miesvoimin. Tapaus oli sen verran harvinainen, että kiveä alettiin kutsua Rönkönkiveksi. Voimamiehelle tapahtui kaikenlaista elämän varrella. Eräällä putkareissulla hän joutui painiotteluun miehen kanssa, joka osottautui hänen veljekseen.  ",Rönkönkivi,,,,
virtaranta1960,https://www.finna.fi/Record/museovirasto.858E9FFFDE339CDD18429EC7CABD505A?sid=5165041424,Helmi Virtaranta,1960-10-16,2025-10-24,"(KUVA) Niittahon Jussi näyttää suurta kiveä, jonka Ysö-Pekka oli jaksanut nostaa",Ysö-Pekan väkikivi,,,,
aaltonen1950,https://www.finna.fi/Record/forssanmuseo.pju-18598?sid=5165041424,Esko Aaltonen,1950-01-01,2025-10-24,"Juuka, Forssan museo",forssanmuseo1950,,,,
aaltonen1950,https://www.finna.fi/Record/forssanmuseo.pju-18783?sid=5165043911,Esko Aaltonen,1950-01-01,2025-10-24,"Juuka, Forssan museo",forssanmuseo1950,,,,
aaltonen1950,https://www.finna.fi/Record/forssanmuseo.pju-17937,Esko Aaltonen,1950-01-01,2025-10-24,"Juuka, Forssan museo",forssanmuseo1950,,,,
aaltonen1950,https://www.finna.fi/Record/forssanmuseo.pju-17899,Esko Aaltonen,1950-01-01,2025-10-24,"Juuka, Forssan museo",forssanmuseo1950,,,,
aaltonen1950,https://www.finna.fi/Record/forssanmuseo.pju-17812,Esko Aaltonen,1950-01-01,2025-10-24,"Juuka, Forssan museo",forssanmuseo1950-2,,,,
,https://kinoregina.fi/elokuva/160962/,Markus Pölönen,,,"Kivenpyörittäjän kylä, Juuka",,,,,
vaasa08121926,https://digi.kansalliskirjasto.fi/sanomalehti/binding/1709207?page=2,,1926-12-08,,Ylistaron KylänpäässS Mikkilän mäellä näytetään erään talon pihamaalta lvonnon hiomaa pallomaista kiveä. Se on niin iso että mies jaksaa sitä nostaa m utta ei viskata. Tekotavaltansa on se niin säännöllinen kuin mikäkin mestarinäyte.,,,,,
savonmaa14081937,https://digi.kansalliskirjasto.fi/sanomalehti/binding/2093120?page=6,,1937-08-14,2025-11-19,"Friman, joka Huoruutensa parhaat vuodet täällä toimi, on jättänyt pysyvän muistan savonrantalaisten mieliin. Pappina hän vakavuudella., mutta samalla ystävällisenä ja usein toverillisena toimitti tehtävänsä. Mutta erikoisesti kiertelevät laajemmaltikin kertomukset hänestä näiltä ajoilta voimamiehenä, joka milloin hevosenkenkiä veti suoraksi, milloin nosteli hevosia ja rekiä tiepuoleen, milloin näytteli punnuksilla ja väkikivillä voimannäytöksiä jne. Savonrannan keski-iän ja vanhemman polven ihmiset muistavat hyvin hänet.",,,,,
seura01121937,https://digi.kansalliskirjasto.fi/aikakausi/binding/763312?page=26,,1937-12-01,2025-11-19,"VOIMAMIEHIÄ ON MONENLAISIA
Omalaatuisimpia nykyisin elävistä voimamiehistämme on eurajoke-
lainen Frans Wahlros, joka samalla on ikiliikkujan keksijä ja paljon muutakin. VVahlrosin nykyinen asuinpaikka on pienessä korpikylässä Eurajoen tien varrella, mutta kotoa häntä tapaa harvoin. Jos maakunnassa vain on joitakin »kissan ristiäisiä», niin kyllä VVahlros on myös siellä. Erikoisen maineensa voimamiehenä hän on hankkinut siten, että lyö vetoa suurten kivien, viljasäkkien ym. kantamisesta. Hän kuuluukin nostavan hartioilleen sadan kilon säkin aivan vaivattomasti ja vääntelevän sellaisia kiviä, joita ta-
valliset miehet eivät saa liikahf; maankaan.",,,,,
kakisalmelainen01011954,https://digi.kansalliskirjasto.fi/aikakausi/binding/1736568?page=4,,1954-01-01,2025-11-19,"Kylän miekkoset olivat tietoisia Juhanan tulosta ja eikös vain heille johtunut koiruus mieleen ja niinpä miehet vierittivät keskelle tietä suurimman kiven minkä irti saivat. Juhana tuli aikanaan myös kiven luo, pysäytti ajokkinsa, katseli hetken kiveä ja astuen rattailta tuumiskeli: ""Katsos kun ovat pikkupojat käyneet leikkimässä."" Nappasi kiinni kiveen ja heilautti sen yli aidan. Heilautti siitä huolimatta, että se oli todella melkoinen pulteri. Oli ainakin se kivi, mitä isäni aikoinaan minulle näytteli ja kertoili tapahtuneesta. Kivennostelua kerrotaan Juhanan harjoittaneen myös Ostamon kujasilla. Siellä oli kuulema kylän miehillä kujasten vieressä voimankoijtoskivi ja ken sitä sai liikautettua, häntä pidettiin miehenmittaisena. Sattui sitten kerran Juhanalle Myllypellon matka ja Ostamon kujasia ajaessaan näki kiven, muisti sen tarkoituksen ja pysäytti jälleen ajokkinsa, astahti tielle ja kiven viereen. Koetteli sen painoa, koetteli toisenkin kerran ja niin nappasi koko miehisen voiman koetuskiven yli kujasten aidan",,,,,
suomenurheilulehti30041914,https://digi.kansalliskirjasto.fi/aikakausi/binding/882358?page=5,,1914-04-30,2025-11-19,"Kuuluisimpana Suupohjan entisajan voimamiehenä mainitaan Tohni-niminen mies. Hän on ottanut osaa Kyrön kirkon rakentamiseen. Jälkimaailmalle muistoksi vieritti hän kirkon muurille yksin kiven, jota ei kymmenen miestä jaksanut kuletella.",Tohnisen äijän kivi,,"62.704369587846976, 23.79658029315242",,
elamaapyyntipaikalladdmmyyyy,https://bin.yhdistysavain.fi/1587815/M7oL4RR7ygF62TC2zcfq0Y3s7l/Elamaa_pyyntipaikalla.pdf,,yyyy-mm-dd,2025-11-19,Korvan padon patopäivät: Könkään patokentällä oli mm. pyöreä väkikivi jota jokainen itseään voimamieheksi luuleva pyrki nostamaan. Erityisesti sunnuntait muodostuivat uteliaiden sivullisten käyntipäiviksi. Kivi painaa 137 kg.,Könkään patokentän väkikivi,,,,
viikkosanomat19230630,https://digi.kansalliskirjasto.fi/aikakausi/binding/1735486?page=11,,1923-06-30,2025-12-02,"Tämän poika Siltalan Kustavi nuorena taas oli voimamies. Kyläkunnan miesten väkikivi oli jossakin aidan vieressä, ja oli se niin raskas tavallisille miehille, ittä vain kaksi miestä koko kyläkunnasta jaksoi sitä hieman liikutella. Kun Kustavi kulki kerran siitä paikasta sivuitse, uin hän heitti kyläkunnan miesten väkikiven aidan taakse. Pahana olivat miehet pitäneet, kun olivat kuulleet Siltalan Kustavin voimateosta. Nämä jutut ovat niiltä ajoilta, jolloin ei vielä ollut järjestettyjä urheilukilpailuja pistemääräyksineen. Mutta voimainmittelyä ja muuta sukkeluuden näyttöä täytyi silloinkin olla. Yhteen tultua vedettiin väkikalikkaa, nostettiin väkikiveä, painiskeltiin, hyppäiltiin",Siltalan Kustavin väkikivi,,,,
vaasa30051923,https://digi.kansalliskirjasto.fi/sanomalehti/binding/1508123?page=3,,1923-05-30,2025-12-15,sama kuin yllä,Siltalan Kustavin väkikivi,,,,
canadanuutiset19071923,https://digi.kansalliskirjasto.fi/sanomalehti/binding/2786500?page=3,,1923-07-19,,sama kuin yllä,Siltalan Kustavin väkikivi,,,,
suomenmatkailijayhdistyksenvuosikirja01011898,https://digi.kansalliskirjasto.fi/aikakausi/binding/925866?page=47,,1898-01-01,2025-12-02,"Nimellisiä kiviä: Muukilaisten rajamerkiksi sanotaan Lehtimäellä noita vähäisillä kivijaloilla seisovia väkikiviä, joita ei tähän aikaan voida miehissäkään huiskuttaa. Valtarin mäellä kerrotaan olevan neljä yhdessä rivissä, joka käy erään peuranhaudoistaan tunnetun harjanteen poikki. Pylväiden väliä sanotaan olevan noin 150 askelta. Siitä pylväsrivistä kuuluu vielä poikkeavan toinen rivi mäkeä pitkin, mutta siinä on vaan kaksi pylvästä. Tässä esiintyvä Muukilaisnimi varmaankin vaan on paikallismuoto Munkkilaisnimestä, joka samoin kuin Nunnanimikin on ehtinyt saada myytillisen merkityksen rahvaan käsityksessä.",Muukilaisten rajamerkki,,,,
suomenmatkailijayhdistyksenvuosikirja01011898,https://digi.kansalliskirjasto.fi/aikakausi/binding/925866?page=48,,1898-01-01,2025-12-02,"Nimellisiä kiviä: Siikajoessa on Gananderin mukaan kaksi kiveä Kiljonkivi ja Koljonkivi, joiden väliä, noin 100 aironvetoa, sanotaan Koljon suvannoksi. Kivet ovat tarinan tieten kahden kilpailevan jättiläisen Kiljon ja Koljon heittämiä.",Kiljon ja Koljon kivet,,,,
pyrkija19140515,https://digi.kansalliskirjasto.fi/aikakausi/binding/954028?page=6,P. P-a,1914-05-15,2025-12-02,"Piirteitä Pohjois-Karjalaisista kansanhuveista ja ajanviettotavoista entisaikaan: Väkikivennosto oli myös suosittu kesäinen urheilu. Pihassa tai lähistöllä oli usein eri kokoisia kiviä vallanvasten väkikiviksi varattuja. Nämä kivet säilyivät välistä useamman sukupolven ajan omilla sopivasti valituilla paikoillaan esim. pellon pientarella. Jatkuvan harjoituksen kautta saavutettiin väkikivennostossa erinomaisia, myöhempää polvea ihmetyttäviä tuloksia. Kyllä muistaa näiden rivienkin kirjoittaja hämmästyksensä, kun hänelle näytettiin isoisänßä väkikivi. Poika ei ollut saanut sitä tuumaakaan nousemaan ja pojanpoika tuskin muuten kuin kankien avulla. Polvi heikkonee!",,,,,
kansakoulunlehti15081893,https://digi.kansalliskirjasto.fi/aikakausi/binding/940036?page=5,,1893-08-15,2025-12-03,"Kansan vanhoista voimisteluliikkeistä; sormikoukun, kissanhännän ja väkikartunvetämisestä sekä syli-, hartia- ja vyöpaininheittämisestä, hypyistä ja väkikivien nostamisista kantaa moni varomattomuutensa ja liiallisen rohkeutensa muistona vammoja vanhuutensa loppuun asti.",,,,,
kalajokilaakso22011931,https://digi.kansalliskirjasto.fi/sanomalehti/binding/1844398?page=2,,1931-01-22,2025-12-05,"Voimistelun ja urheilun merkitys on moninainen: Sitä todistaa myöskin se nykyisen vanhemman polven nuoruudenaikainen tapa kokoontua yhteen nostelemaan „väkikiveä“, painimaan, vetämään köyttä tai juoksemaan leskistä",,,NA,,
taisteluun10121929,https://digi.kansalliskirjasto.fi/aikakausi/binding/906180?page=24,,1929-12-01,2025-12-05,"Entisajan urheilua: lujat työmiehet kun saattoivat olla laajaltikin kuuluja ja samalla haluttuja. Että työkilpa on kuulunut tavalla tai toisella esivanhempiemme ""huvitteluun"" jo muinaissuomalaisena aikana, siitä ei liene epäilystä. — Nykyään tämä kilpailutapa kuulunee jo muistojen joukkoon. Voitaisiin näet puhua mitä moninaisimmista otteluista, urheilupeleistä ja kilpaleikcistä, kuten kiekonlyönti, sylipaini, väkikiven nosto, kissanhäntä, niskanuora y.m., joista jo kirjallisiakin tietoja on olemassa ainakin 1700--luvulla, mutta vaikeus on vain siinä, tutkimus kun on vasta alullaan, mitä voi laskea ""muinaissuomalaisten"" harjoittamiksi, mitä ei. Ettei erilaisista urheilutavoista ole ollut puutetta, saattaa arvata jo siitä, että urheilu- ja leikkityyppejä on laskettu löytyvän Suomessa noin 500. Vienan-karjalaisilta, aunukselaisilta, inkeriläisiltä ja vepsäläisiltä tehtyjen muistiinpanojen nojalla saattaisi ehkä jokunen urheiluleikki palautua n.s. yhteissuomalaiselle ajalle asti, mutta niistä ei vielä tällä kertaa uskalleta lausua mitään varmaa. ",,,,,
pohjolanvartio01051929,https://digi.kansalliskirjasto.fi/aikakausi/binding/1100296?page=15,,1929-05-01,2025-12-05,"Hiukan sunnuntain vietosta ja pesäpallopelistä kansallispelinä.: Jo entisaikaan on esi-isillä ollut omat sunnuntai-ilonsa ja tapansa. Kuitenkaan ei ole vielä siihen aikaan ollut mitään yhteistä ilo- tai leikkitapaa yli koko maan, vaan tavallista on ollut, että sunnuntaisin on kokoonnuttu määrättyihin paikkoihin iloa pitämään, itsekullakin paikkakunnalla omalla tavallaan. Useissa paikoin on ollut pallonlyönti yleisin, toisissa visakiekko tai joku kapulan heitto, ja siinä sivulla on ollut väkikiven nostot, sylipainit ja monet muut urheilulliset pelit ja leikit, joissa on kylänkin kunniaa puolustettu.",,,,,
jokamiehenviikkolehti29031913,https://digi.kansalliskirjasto.fi/aikakausi/binding/709968?page=9,,1913-03-29,2025-12-05,"Kaartilainen: Koko Hoskavaaran kylän miehistä oli Mikko pisin ja sitäpaitsi vahvin. Tämä Mikon voimain runsaus tuli näkyviin „kissan hännän"" ja sormikoukun vedossa, sekä kiven nostossa ja sylipainissa. Ja että lastu-Mikko niissä voiton vie tiedettiin koko pitäjässä. Miehet olivat kokoontuneet pihamaalle „väkikiveä"" nostamaan. Se oli suuri kivi eikä noussut koholle keltään.
— No, lastu-Mikko, tahi kaartilainenhan sinä olet, tuleppas ja kohota kivi.
— Tuommoisen mukulan nosto on leikkiä ettei oikein viitsisi, mutta voihan tuota koettaa, sanoi Mikko ja ähkien ja puhkuen känysi kiven kimpussa, joka tosin kohosikin ylös.",,,,,
hakkapeliitta28071936,https://digi.kansalliskirjasto.fi/aikakausi/binding/1108799?page=19,,1936-07-28,2025-12-05,"Ja kaikkia noita ominaisuuksia osasi Kalle käyttää. Vain väkikiven nostossa ja väkikartun vedossa muutamat kylän suurimmat miehet hänet voittivat, eivät muussa, vaikka otteluita järjestettiin talven mittaan joskus hyvinkin paljon. Sillä tuo näennäisesti heiveröinen, kalpeaposkinen mies sai hyvin helposti houkutelluksi jonkun oudon voimamiehen kanssaan sylipainin heittoon, joka oli oikein Kallen erikoisala.",,,,,
liitto20031913,https://digi.kansalliskirjasto.fi/sanomalehti/binding/1265176?page=1,,1913-03-20,2025-12-05,"Urheiluharrastuksista: Joloskylän n.-s:n talolla 23/ 13 piti Ewil Leskelä seuraawan puheen: Monesti olemme kuulleet wanhempien miesten hehkuwin, innostunein mielin kertoelewan niistä walwotuista waloisista kesäöistä, jotka louolle roihuwien, sawuawien terwahautojen ääressä kirppaa (katajainen 4 tuumaa ytkä karttu jota koiwukepillä maalikiwen luota lyötiin) ja palloa lyöden sekä painien ja terwatynnyreitä ja wäkikiwiä nostellen wietettiin. Kuinka monesti olemme kuulleet wanhojen miesten kiistelewän sitä, ken pallo-
silla ja kirpalla ollessa oli maalin tai „ämmä-kiwen"" paras suojelija, ken rskin painissa, tai wäkikiwen ja hyppypölkyn nostossa, ken käsikartun wedossa tai kiwen haitossa paras oli. Ei sillä ettei nykyään paikkkannaltamme löytyisi aineksia joisa woitaisiin kehittää kykyjä jotka woisiwat näyttää kuntoaan waikka Olyrbian kisoissa, sillä sitä todistaa täystäisen terwa-„puolikon"" kanto takkewitassa pitkiä rappusia myölen kirken harjalle, seki wakikiwen nostot ja erään pojan juoksu 1 km. maikalla täällä pidetyissä juoksukilpailuissa w. 1910.",,,"Ylikiiminki, kiiminki",,
savo04091888,https://digi.kansalliskirjasto.fi/sanomalehti/binding/449692?page=3,,1888-09-04,2025-12-05,"Nurmeksen maalais-yhdistyksen kilpailuhuwit: Paras ampuja ampui 15 senttimeetriä, 54 naulan painoista nostettiin 50 kertaa, wäkikiwen nostossa kohosi 47 leiwiskää, 54 sekunnissa juostiin 340 meetriä, paras aitumus ponnahti 63 tuumaa. Nämä jo muita mainitsematta todistawat, että: „wiel' on woimaa Suomessa, miehiä ja miehuutta"". Naisillakin oli kilpailunsa. Heidät sidottiin liinalla sokoksi ja annettiin sitten käteen sakset, joilla heidän tuli leikata poikki joku wartaasta riippuwa lanka, johon woitto oli ripustettu. Sitä oli kyllä hupainen katsoa, mutta samalla johtui siitä myöskin mieleen naisen asema entisinä ja nykyisinä päiwinä. Naista näet johdattanee wain yhä sokea sallimus. Sitä pitää wain mennä teppuroida etehen päin, sattui sitte päämaaliin tahi ei. Kun miesten pitää tarkistaa järkensä, silmänsä ja kaikki muut woimansa, niin täytyy naisen waan säkkipäänä töllöttää. Ampumisesta: 1:sen palk., 20 mk., Antti Koukkari, 15 sentim., 2:sen 12 mk., Juho Kiiskinen, 17 sentim., 3:nen 8 mk., kirjuri K. E. Turunen, 20 sentim., ja 4:nen, 4 mk., yliopp. K. Relander 24 sentim. Wäkikiwen nostosta: 1:sen palk., 1 mk. 50 p., Pekka Tolonen, nosti 47 L8, 2:sen, 1 mk., Olli Moilanen, nosti 47 L2, ja 3:nen, 50 p., Taawi Tinnonen, nosti 44 L8. Painojen nostosta: 1:sen palk., 1 mk. 50 p., Olli Tolwanen, nosti 54 [naulaa] 50 kertaa, 2:sen, 1 mk., Pekka Newalainen, nosti saman 26 kert., ja 3:nen, 50 p., Wille Piironen, nosti saman 13 kert. Korkeushypystä: 1:sen palk., 1 mk. 50 p. F. Sikanen, hyppäsi 63 tuum., 2:sen, 1 mk., A. Rantanen, hyppäsi 60 tuum., ja 3:nen, 50 p., M. Puoskari. aiwan nuori, hyppäsi 45 tuum. Kuulan heitosta: 1:sen palk., 1 mk. 50 p., Pekka Newalainen, heitti 16 [naulan] pain. kuulan 36 jalk., 2:sen, 1 mk., Olli Tolwanen, heitti saman 32 jalk., ja 3:nen, 50 p., Olli Eskelinen, heitti saman 32 jalk. Pituushypystä: 1:sen, 1 mk., T. Sikanen, hyppäsi 14½ jalk., ja 3:nen, 50 p., P. Newalainen, hyppäsi 14 jalk.",,,"Nurmes, Mikonniemen juhlakenttä",,
hameensanomat14091888,https://digi.kansalliskirjasto.fi/sanomalehti/binding/21046?page=3,,1888-09-14,2025-12-05,"Kotimaalta. — Suomalaisten woimaa. Paras wäkikiwen nostaja Nurmeksen maalaisyhdistyksen toimeen panemien kansanhuwien yhteydessä pidetyssä kilpailussa, työmies Pekka Tolwanen, kohotti kerrallaan 47 leiw. Talollisen poika Olli Tolwanen nosti 54 naul. painawaa punttia 50 kertaa. Talollisen poika Pekka Newalainen wiskasi paikoiltaan ilman wauhditta 16 n. painoista kuulaa kokonaista 36 jalk. Tämän ohessa olkoon mainittuna, että äskettäin nosti Nurmeksessa maanwiljelijä Olli Mustonen 34 naul. painoista punttia aina 450 kertaa ja itse nostaminen kesti säännöllisesti noin 50 minuttia! Kun sen lisäksi tietää, ettei hän ennen ollut tällaista nostamista erityisesti harjoittanut, niin woi helposti arwata, kuinka kestäwän täytyy jo tällaisen miehen olla, sanoo Tapio",,,"Nurmes, Mikonniemen juhlakenttä",,
suomalainenwirallinenlehti13091888,https://digi.kansalliskirjasto.fi/sanomalehti/binding/418418?page=2,,1888-09-13,2025-12-05,"Kotimaalta. — Suomalaisten woimaa. Paras wäkikiwen nostaja Nurmeksen maalaisyhdistyksen toimeen panemien kansanhuwien yhteydessä pidetyssä kilpailussa, työmies Pekka Tolwanen, kohotti kerrallaan 47 leiw. Talollisen poika Olli Tolwanen nosti 54 naul. painawaa punttia 50 kertaa. Talollisen poika Pekka Newalainen wiskasi paikoiltaan ilman wauhditta 16 n. painoista kuulaa kokonaista 36 jalk. Tämän ohessa olkoon mainittuna, että äskettäin nosti Nurmeksessa maanwiljelijä Olli Mustonen 34 naul. painoista punttia aina 450 kertaa ja itse nostaminen kesti säännöllisesti noin 50 minuttia! Kun sen lisäksi tietää, ettei hän ennen ollut tällaista nostamista erityisesti harjoittanut, niin woi helposti arwata, kuinka kestäwän täytyy jo tällaisen miehen olla, sanoo Tapio",,,"Nurmes, Mikonniemen juhlakenttä",,
wiipurinuutiset12091888,https://digi.kansalliskirjasto.fi/sanomalehti/binding/59291?page=3,,1888-09-12,2025-12-06,"Kotimaalta. — Suomalaisten woimaa. Paras wäkikiwen nostaja Nurmeksen maalaisyhdistyksen toimeen panemien kansanhuwien yhteydessä pidetyssä kilpailussa, työmies Pekka Tolwanen, kohotti kerrallaan 47 leiw. Talollisen poika Olli Tolwanen nosti 54 naul. painawaa punttia 50 kertaa. Talollisen poika Pekka Newalainen wiskasi paikoiltaan ilman wauhditta 16 n. painoista kuulaa kokonaista 36 jalk. Tämän ohessa olkoon mainittuna, että äskettäin nosti Nurmeksessa maanwiljelijä Olli Mustonen 34 naul. painoista punttia aina 450 kertaa ja itse nostaminen kesti säännöllisesti noin 50 minuttia! Kun sen lisäksi tietää, ettei hän ennen ollut tällaista nostamista erityisesti harjoittanut, niin woi helposti arwata, kuinka kestäwän täytyy jo tällaisen miehen olla, sanoo Tapio",,,"Nurmes, Mikonniemen juhlakenttä",,
urheilija01011932,https://digi.kansalliskirjasto.fi/aikakausi/binding/864026?page=19,,1932-01-01,2025-12-05,"Kenttä: Vanhat ja viisaat ukot sanovat sanasen vastaan ja vaikenevat. Ehkä he muistavat omaa nuoruuttaan, voimia, jotka on puskettu
turhuuteen housunkauluspainissa, väkikiviä, jotka makaavat jossakin sammaloituneina ja unhoittuneina, kesäisiä sunnuntaipäiviä ja öitäkin, jolloin rääkätty nahkapallo oli lentänyt levottomana, ylen turhia, mutta riemullisia mutkia.",,,,,
keskipohjanmaa01091932,https://digi.kansalliskirjasto.fi/sanomalehti/binding/1862721?page=5,,1932-09-01,2025-12-05,"Urheilua ja voimistelua on Kaustisella harrastettu jo vanhoista ajoista saakka. Urheiluvälineisiin kuului ~väkikivet”, ,,kissanhäntä”, kärrynpyörät ym. Lisäksi kilpailtiin sormikoukun vedossa, sylipainin heitossa sekä juoksussa.
Väkikivi oli miehen nostettava kivimöhkäle. Sellaisista oli kuuluisin ~rukiisen leivän kivi”, jonk a voi nostaa rukiisen leivän miehet. Kissanhäntää vedettiin kapulasta useimmin toisella kädellä. Se mies, kenen kouriin kapula viimeksi jäi. Kärrynpyöriä heitettiin ylös rinnoille tai yli pään. Väkevämmät tekivät tämän toisella kädellä. Kilpailuja syntyi missä vain miehiä enempi koolle sattui, mutta myöskin häätPaisuuksissa niitä järjestettiin ja näissä oli usein lyhemmän matkan juoksua.
Voimamiehiä oli sellaisia, joiden tekoja nykyinen polvi taruna kuuntelee. Kerrotaanpa vieläkin kaskuja ~Mosalan Äijästä” eli ~Isosta Mosalaisesta”, jok a Kokkolassa tervan viennissä ollessaan antoi voimamiehen vastauksen, kun herrat kyselivät tervan laatua. Mosalainen lupasi näyttää. Kävi tervakuormalleen, aukaisi ~ison tynnyrin pruntin”, pisti keskisormensa reijästä sisään ja kantoi tällä tynnyrin korkeita rappuja ylös herrojen huoneeseen. Herrat ostivat tervan ilman muuta ja lisäksi tarjosivat voimamiehelle pari ryyppyä. Kerran markkinoilla ollessaan vaihtoi Mosalainen hevosia, sai hyvän kaupan, niin nosti hevosen tallinyliselle. Toiset akoivat jälestäpäin kaupan purkaa, mutta eivät saanet hevosta tallinylisiltä pois, vaikka Mosalainen lupasi kaupan purkaa. ~Poukka Eljas” oli myös voimamies, kuuluis a sylipainin heittäjä ja hurja juoksija. Niin ikään on vielä ~Iso Matti”, „Paksu Äijä”, ym., joilla on mitä erilaisimpia voimatekoja nimissään. Olipa ~Finnin Lassi” nostanut rukiisen leivän kiven ja lisäksi viisitoista ~märkää särkiä päällä”.
Totta on, että edellämainitut miehet ovat olleet tavallista kookkaimpia ja voimakkaampia. Varsinkin Mosalan Äijä, joka on ollut oikea jättiläinen ruumiinrakenteeltaan. Tällä kannalla oli urheiluolot varsin myöhään. Vast a kahtena viime vuosikymmenenä alkoi urheilu saada nykyiset muodit nuorisoseurojen vaikutuksesta. Niinpä ensimmäiset kesäurheilukilpailut toimeenpantiin Lappajärven n:seuran aluepiirin kesäjuhlien yhteydessä n.s. Eevanniemellä v. 1905. Sitä ennen oli jo toimeenpantu talvella hiihtokilpailuja, ensimmäiset Köyhäjoella",Rukiisen leivän kivi,,Kaustinen,,
savonsanomat06081932 ,https://digi.kansalliskirjasto.fi/sanomalehti/binding/1911824?page=2,,1932-08-06,2025-12-05,"Saattaa olla joskus häviökin hyväksi, että ei tulla liian ylpeiksi. Sittenpähän riittää parantamisen varaa. Tässä täytyy keksiä suomalaisten uusia konsteja kultamitalien hankkimiseksi, kun entiset eivät enää auta. Ennenhän sitä nostaa vinnattiin väkikiveäkin niin, että melkein joka kylässä oli sillä alalla maailmanmestareita, mutta olympialaisten painonnostossa ei näkynyt olevan yhtään suomalaista kilpailijaa. Jos olisi
ollut, niin voitto olisi tullut varmasti meille. Alkakaapas, hartiakkaat miehet, harjoitella väkikiven nostoa tulevia olympialaisia varten.",,,,,
kaleva11031939,https://digi.kansalliskirjasto.fi/sanomalehti/binding/2000370?page=14,,1939-03-11,2025-12-05,"Ensimmäiset huomattavimmat hiihtokilpailut Pohjois-Suomessa pidettiin jo kymmenen vuotta aikaisemmin kuin ensimmäinen Oulun Hiihto. Vuonna 1879 järjestettiin nimittäin Tyrnävällä hiihtokilpailut, joista on tähän mennessä saatu vain hyvin vähän teitoja. Sen aikaisessa lehtiuuti sessa tosin kerrotaan, että Tyrnävällä oli maaliskuun 23 p:nä 1879 »kilpailuhiihtäjäiset», joissa osanottajia oli noin 70 ja joissa neljälle etevimmälle jaettiin palkintojakin, ensimmäiselle 3:—, toiselle 2:— ja kahdelle seuraa valle 1 mirkka rahassa. Uutisessa ei kuitenkaan mainita, kuka voitti kilpailun ja keitä olivat muut palkinnonsaajat, paitsi että neljän parhaan joukossa oli yksi neitonenkin. Miehet ja naiset näyttävät siis kilpailleen s tasavertaisina» samassa sarjassa. Kilpailun voitti tyrnävällä siiloin hyvin tunnettu urheilija ja väkikiven nostaja Antti Ollila, jonka väkikiven nostosta on paikkakunnalle jäänyt sananparsi; »Mielii ja mielii niinkuin Oililan Antilla» ( = yrittää ja yrittää). Toiseksi tuli kilpailussa alatemmekseltä kotoisin oleva »Susi-Suutariksi» kutsuttu mies, jonka oikeata nimeä ei muisteta, kun sitä ei juuri koskaan käytetty.
Kolmannen ja neljännen paliknnon saajia ei kertojamme muistanut, mutta heistä toinen oli joka tapauksessa nainen. Kilpailut lienee järjestänyt silloinen Tyrnävän kirkonkylän kansakoulun opettaja Härkönen.",,,Tyrnävä,,
savonsanomat16011908 ,https://digi.kansalliskirjasto.fi/sanomalehti/binding/686849?page=2,,1908-01-16,2025-12-105,"Paawo ei ollut yksinäisyydessä eläwä murjottaja, jollaiseksi hänet olisi luullut kaswoista katsoen, waan oikea harrastusten mies. Hänellä oli useampia tuttawia kuin monella kauniimmalla, sillä jokainen tiesi että minkä asian Paawo ottaa ajaakseen, niin ei sitä keskeytä muu kuin kuolema ja lawantauti. Mutta Paawo ei ottanutkaan harrastaakseen yhtä-aikaa kaiken maailman asi oita. Yksi asia kerrallaan ja lujasti, se oli hänen työjärjestyksensä. Nuoruuden ikäkaudella, jalloin muut katselewat itselleen elämän kumppania, oli Paawo saanut wäkikiwen nostoharrastuksen. Sitä ei kestänyt monta wuotta, mutta niin kokonaan se piti wallassaan, ettei hän tullut katsoneeksikaan hamewäkeen päin. Paawon huomio oli niinä wuosina kääntynyt wankimman näköisiin miehiin ja niiden täytyi olla peräti wälinpitämättömiä woimainsa suuruudesta, jos eiwät suostuneet wäkikiwen nostoon.",,,Peltoniemi,,
suomalainenvirallinenlehti29101900,https://digi.kansalliskirjasto.fi/sanomalehti/binding/701839?page=1,,1900-10-29,2025-12-05,"Niinpä on tänä kesänä tullut ilmi muuan pronssikautinen hautaraunio Perniön pitäjässä Kirjakkalan tehtaasen kuuluwalla Tattaraisten niemellä. Se oli 14 m. pituinen ja 10 m. lewyinen, miehen nostannaisista kiwistä kasattu kumpu, jonka pohjan muodosti wäkikiwistä ladottu pyöreälainen kiwitys. Tämän latomuksen alta löytyi m. m. pieni koristeltu pronssiweitsi, joka on warhaisemman pronssikauden muotoa ja iältään Mooseksen aikuinen, s. o. toisen wuosituhannen loppupuoliskolla e. Kr. Samasta rauniosta on ennen löytynyt piikiwinen keihäänkärki. Raunion tutkimuksen suoritti maisteri I. Ailio.",,,"Perniö, Tattaraistenniemi",,
karjalansanomat29101910,https://digi.kansalliskirjasto.fi/sanomalehti/binding/647663?page=3,,1910-10-29,2025-12-05,"Kotiseutututkimus. Wäkikiwi, jota yli yhdeksänkymmenen wuoden wanhat muistawat heidän nuorena ollessaan nuorten miesten nostelleen, on Mattisenlahden kylätien rawissa, Jytisewän mäen rinteessä.
Toinen yhtä yleisesti nuorien „woimien mittapuuna"" käytetty wäkikiwi, on ollut Yläpihan mäellä. Mutta on taitanut jo häwitä.
Ennen oli sunnuntaisin kesäaikoina hywin yleisesti harjoitettu tällaista „portsaamista"". Kuuluja wahwoja oli kylässä ollut.",,,Mattisenlahti,,
suomenurheilulehti01041911,https://digi.kansalliskirjasto.fi/aikakausi/binding/882323?page=12,,1911-04-01,2025-12-06,"Haapaveden hiihtomiehiä, Matti Ritola: Ennenkuin käymme kertomaan nuoremmista hiihtäjistä, on syytä mainita eräs nimi, joka on muistiin merkittävä tunnetun Haapaveden suksimallin isänä ja osaltaan sen kehittäjänäkin. Ritolan isäntä on myös kova hiihtäjä ja on ensimäisen palkinnon ottaja ensimäisissä Haapaveden hiihtokilpailuissa noin 30 vuotta takaperin, sitäpaitsi on hän innokas urheilun harrastaja. Eipä Ritolasta vieras juuri päässyt, ennenkuin oli talon isännän kanssa »kissanhäntää» vetänyt, väkikiveä nostanut t. m. s.",,,Haapavesi,,
karjalainen17071920,https://digi.kansalliskirjasto.fi/sanomalehti/binding/1414433?page=2,,1920-07-17,2025-12-06,"Pohjoiskarjalaisia entisajan Urheilutapoja: 4. Väkikiven nosto. Ennen vanhaen oli vahvin mies se, joka suurinman kiven jaksoi maasta keholle nostaa. Väkiki ven nosto: — kutensltä nimitet tiin — oli nuorten miesten varsinainen voimannäyte. Sitä harjoitettiin varsinkin pyhä-iltoina, jolloin yksiin paikkoihin nuoria miehiä yhteen kokoontui. Kunnian tähden ponnistivat silloin muutamat niin paljon, että tulivat alaisinpuolin vaivaisiksi. Silloin oli sivultakatsojain jännittävää seurata, kuinka urho
haki kiven nurkia, joihin voi kopransa kiinnittää ja kiekauttaa kiven maasta koholle.",,,Juuka,,
kainuunsanomat06091934,https://digi.kansalliskirjasto.fi/sanomalehti/binding/1843995?page=3,,1934-09-06,2025-12-06,"Vanhemman kansan pitäisi muistaa, ettei maailma aina pysy samanlaisena ja että nykyajan urheilu on vaan vanhan polven aikaisten ”voimakoetusten” jalostettu muoto. Pidettiinhän ennenkin voimaa ja voimaihmistä suuressa arvossa: Onhan Talas-Eerat ia muut kainuulaiset kuulut voim »miehet vielä tuoreessa muistissai Väkikiven nosto, svlipaini ja muut entisajan ”koetukset” ovat muuttaneet muotoa ja. tulleet monipuolisemmiksi. Ja totta onkim että nykyajan urheilu on juuri näistä entisajan voimankoetuksista saanut alkunsakin. Ja entäs entisajan koskenlasku ja sauvominen, mätäs nekään muuta olivat kuin itsetiedotonta urheilua;,",,,,,
kaleva04111911,https://digi.kansalliskirjasto.fi/sanomalehti/binding/1234687?term=w%C3%A4kikiweksi&page=5,,1911-11-04,2025-12-06,Pennalan kankaalla on kiwi kuin pieni heinäsuowa; on sanottu Tennawaarin wäkikiweksi,Tennavaarin väkikivi,,,,
keskisuomalainen11061938 ,https://digi.kansalliskirjasto.fi/sanomalehti/binding/2024495?term=v%C3%A4kikivi&page=5,,1938-06-11,2025-12-06,"Hietaman seudun voimamiehiä.
;Hei hallaa, Saarijärvelt ollaan, ja minä se olen Saarijärveltä Parantajan Matti.■> Tässä pari säettä Saarijärveltä, johon Hietama vajaat 30 vuotta sitten kuului. Ketäs kuuluisuuksia täällä oli», kysyin 83- vuctiaalta Lepolan papalta. Voima ja tappelumiehiäkö tarkoitat? Tuolla on isävainajan väkikivi. Hän heitti sen aidan yli, eikä sitä monikaan maasta ylös saanut. Veli-Jussi nosti 15 vanhaa kappaa ruista kolmasti yhdellä kädellä selkäänsä maahan laskematta. Uljas Manninen kantoi 40 isoa ruislyhdettä elohangolla yhdellä kertaa riiheen ja isäsi kantoi 100 kiloa ruista Karppaalasta Kiimasen rantaan lepäämättä välillä kertaakaan, toisessa kädessä 10 kilon sokeritoppa Matkaa oli noin 2 km. Olihan niitä sitten vielä Eerolan ja Parantajan veljekset. Kuikan Aleksi heitti pienessä soutuveneessä selkäänsä 120 lit-
raa rukiita.",,,"Hietama, Saarijärvi, Keski-Suomi",,
pohjoissavo06061936,https://digi.kansalliskirjasto.fi/sanomalehti/binding/2073203?term=v%C3%A4kikivien&page=3,,1936-06-06,2025-12-09,"Suurena ja hyvänä lupauksena piti hra Färling sitä, että painonnosto pyritään yleistyttämään. Jos terveelle maaseudulle ominaiset ja perinteelliset väkikivien ja kärrynakselien nostoharrastukset, kuten hän sanoi, vinkaan siitä tietoinen, että piirimme ohjaillaan jalostettuihin muotoihin, on urheiluelämään on kulkeutunut uusia, maallamme paljon ja painavaa sanoiennen ""kokemattomia” virtauksia, tavana kansainvälisillä kilpakentillä.",,,,,
wiipurinsanomat22011890,https://digi.kansalliskirjasto.fi/sanomalehti/binding/480555?term=w%C3%A4kikiwe%C3%A4&page=2,,1890-01-22,2025-12-09,"Usein kuulee wanhain miesten moittiwan „nykyisten nuorten"" ta poja. Sattui tuo moite kerran menemään tähän suuntaan: „ei sitä meidän nuorina ollessa sentään niin wiinaa himoittu kuin nykyiset nuoret joisiwat, jos sitä heillä waan niin olisi saatawina, kuin oli ennen meillä. Eikä niitä osannut waatia kaikkia huwituksiakaan, mitä nykyiset nuoret. Milloin oli joutohetkiä ja nuoria sattui koolle, niin miehet nostiwat „wäkikiweä"", wetiwät „karttua"", „sormikoukkua"", „kissanhäntää"" j. n. e.",,,,,
kokkola27051913,https://digi.kansalliskirjasto.fi/sanomalehti/binding/1255292?term=w%C3%A4kikiwi%C3%A4&page=2,,1913-05-27,2025-12-09,"Mutta ajattelepas — sinäkin tunnustat olewasi suomalainen ja eiwätkö ne olleet juuri suomalaisia esi-isiämme, jotka jalkasin taiwalsiwat peninkulmien pituisia taipaleita. Jokunen wuosisata taaksepäin asteli perholainen kymmenen peninkulmaa Kokkolan kirkolle mennäkseen, eikä surrut hän lähtiessään waiwojansa. Silloin kun wäsytti, poikettiin polun wiereen istumaan. Lähteestä otettiin wirkistäwä ryyppy ja siellä täällä matkan warrella oli wäkikiwiä, jotka saiwat urheiluwälineen wirkaa toimittaa.",,,,,
savo09101924,https://digi.kansalliskirjasto.fi/sanomalehti/binding/1462788?term=w%C3%A4kikiwen&page=5,,1924-01-09,2025-12-09,"Mikkelin vietosta Kaavilla: Hurjaa Vauhtia ajoimat ratsumiehet määrätyn mattan ja se, jota ensin maa liiN pääsi, sai toettaa uudestaan nsien lilpailisain tanc>sa. Joka aitti tilpailijat moitti, se oli sen 'uoden kuuluisin juotsija pitäiä-ösä. stifta tapana näiittää miestenkin joimaa wäkikiwen nostossa ja soul. ""ornoiinatoittelnatin siten, että poli »oispäässä vitäjää asumat käwiwät iouttotaisteluun eteläpäässä pitäjää asumien kanssa.",,,"Varislahden kylä, Kaavi",,
kakisalmensanomat24091909,https://digi.kansalliskirjasto.fi/sanomalehti/binding/655069?term=w%C3%A4kikiwe%C3%A4&page=2,,1909-09-24,2025-12-09,"Ennen järjestelmällisen urheilun aikoja on maalaisnnorisomme jo urheillut tawallaan. Kylien kujilla on sunnuntai-illoin lyöty kiekkoa, nostettu wäkikiweä, wedetty wäkikapulaa ja sormikoukkua j. n. e. Tällaisesta nuorison ajanwietosta on lyhyt askel nykyaikaiseen woimisteluun ja urheiluun. Ja siksi juuri woimistelu ja urheilu on saattanut lyhyenä aikana käydä niin yleiseksi maassamme.",,,,,
kaiku15121912,https://digi.kansalliskirjasto.fi/sanomalehti/binding/1224132?term=w%C3%A4kikiwen&page=4,Kauppis-Heikki,1912-12-15,2025-12-09,"Peltoniemen isäntä Paawo, joka nuoruuswuotensa oli ollut wäkikiwen nostoharrastuksissa, eikä niiltä ollut joutanut itselleen eukkoa ottamaan, todistelee meille mainiolla laskutaidollaan miten kalliiksi emäntä talossa tulisi. Naapurit häntä hieman narrinaan pitäwät ja asioillaan juoksuttawat ja me seuraamme häntä hywätuulisina.",,,,,
itasuomensanomat16081902,https://digi.kansalliskirjasto.fi/sanomalehti/binding/631892?term=w%C3%A4kikiwe%C3%A4&page=2,,1902-08-16,2025-12-09,"Kalle: Ha ha haa, — kuka sinua kehtaa lahjaksi lyödä; mutta jos tahdot wapaaksi päästä, on sinun kolme kertaa nostettawa tuota wäkikiweä, siitä
saadaan nähdä: onko sinusta korwen perkojaksi. Lupaatko sen? Aatami: Sen lupaan mielelläni, — nostan jos jaksan —",,,,,
keskisuomalainen10051928,https://digi.kansalliskirjasto.fi/sanomalehti/binding/1553608?term=w%C3%A4kikiwe%C3%A4&page=4,,1928-05-10,2025-12-09,"Sunnuntain wiettoa entisaikaan.
Wanhan miehen muistoja Ähtäristä:  Ei ollut nuorisolla silloin sitä suurta rahanmenoa , jonka pyhäiltaisct iltamat tänä aikana wiewät. Mutta urheiltiin sitä siihenkin aikaan. Nuoret miehet nostiwat wäkikiweä, heittiwät wisalielkoa, hyppäsiwät tynnyrihnppyä, painimat j.irc. Kasmukeskiset taas heittiwät pilppua, iviskmiwat lanttia, heittiwät !knningasia ja sotamiestä j.n,e.",,,,,
tampereensanomat31011890,https://digi.kansalliskirjasto.fi/sanomalehti/binding/468468?term=w%C3%A4kikiwe%C3%A4&page=2,,1890-01-31,2025-12-09,"Wiipurin sanomista painatamme tähän
„Pysy hywässä seurassa, niin tulet samankaltaiseksi"",
Usein kuulee wanhain miesten moittiwan „nykyisten nuorten"" tapoja Sattui tuo moite kerran menemään tähän suuntaan: „ei sitä meidän nuorina ollessa sentään niin wiinaa himoittu, kuin nykyiset nuoret joisiwat, jos sitä heillä waan niin olisi saatawina, kuin oli ennen meillä. Eikä niitä osannut waatia kaikkia huwituksiakaan, mitä nykyiset nuoret. Milloin oli joutohetkiä ja nuoria sattui koolle, niin miehet nostiwat „wäkikiweä"", wetiwät „karttua"", „sormikoukkua“; „kissanhäntää j. n,e.",,,,,
vakkasuomi18091909,https://digi.kansalliskirjasto.fi/sanomalehti/binding/786464?term=w%C3%A4kikiwe%C3%A4&page=2,,1909-09-18,2025-12-09,"Päinwaskoin harrastus urheiluun on synnynnäisesti weressämme. Ennen järjestelmällisen urheilun aikoja on maalaisnuorisomme jo urheillut tawallaan. Kylien kujilla on sunnuntai-illoin lyöty kiekkoa, nostettu wäkikiweä, wedetty wäkikapulaa ja sormikoukkua j. n. e. Tällaisesta nuorison ajanwietosta on lyhyt askel nykyoikaiseen woimisteluun ja urheiluun. Ja siksi juuri woimistelu ja urheilu on saattanut lyhyenä aikana käydä niin yleiseksi maassamme.",,,,,
uusisuomi18011937,https://digi.kansalliskirjasto.fi/sanomalehti/binding/1802537?term=v%C3%A4kikive%C3%A4&page=5,Aaro A. Nuutinen,1937-01-18,2025-12-09,"Hyrynsalmelta: Esimerkiksi kautta maan tunnettu pitkäpartainen ”Parkanon parooni, Gustaf Wrede hän, oli aikoinaan täällä aluemetsänhoitajana. Hänet nimitettiin metsäherraksi tänne muistaakseni vuotena 1883. Parkanoon hän muutti täältä viidettäkymmentä vuotta takaperin. Hän tuli tunnetuksi täällä rehtiytensä ja vaatimattomuutensa vuoksi. Patooni käytti usein oudon näköistä sarkaista pukua ja hänen käytöksensä oli jonkun verran tavallisuudesta poikkeavaa päähänpistoineen ja leikillisine kujeineen. Hän painiskeli, veti sormikoukkua ja nosteli väkikiveä talonmiesten ja tukkijätkien kanssa. Hän oli
aina hyvätuulinen ja ystävällinen.",,,Hyrynsalmi,,
satakunta01111882,https://digi.kansalliskirjasto.fi/sanomalehti/binding/64279?term=w%C3%A4kikiwe%C3%A4&page=2,,1882-11-01,2025-12-09,"Onnen vaiheet: Woimia alettiin koetella. Painia heitettiin, kissanhäntää ja wäkikarttua wedettiin sekä nostettiin wäkikiweä. Rossin Risto woitti toiset, paitsi Hiskiä ja Jukkaa, jotka eiwät koetuksiin osaa ottaneet. Jukkaa ei Risto ollut koskaan woittanut. Sanottiin hänen tahallansa jättäwän aina ystäwälleen woiton. Jukan ei tehnyt mieli muiden kera koitella woimiansa. ""Koska minä woitan Riston ja hän woittaa teidät, niin tiedättehän sen koettamattakin, kuka wäkewin on"", hän sanoi.",,,,,
iltalehti05101929,https://digi.kansalliskirjasto.fi/sanomalehti/binding/1539134?term=v%C3%A4kikivi%C3%A4&page=4,,1929-10-05,2025-12-09,"Urheiluapostolina Lapissa: Monessa muussa paikassa on urheiluharrastus kerrassaan ilahduttavaa, mutta koko hyvin asuttu Ounasjokivarsi, suurin osa Tornionjokilaaksoa ja monet seudut Kemijoen varressa elävät vielä pimeydessä tässä suhteessa. Vanhat miehet kyllä kertovat, että ennen heidän nuorena ollessaan miehet pyhäpäivisin nostelivat »väkikiviä», ja löivät palloa, pistettiinpä välistä painiksikin. Suosituin painimuoto tuntui olleen kauluspaini, jossa tartutaan kiinni vastustajan housunkauluksesta ja heilautetaan töppöset taivasta kohti. Tervankeittoseuduilla on ennen ollut tynnyrintekijöillä tapana kiivetä siitä, kuka on jaksanut hypätä useampaan tynnyriin. Tynnyrit asetettiin riviin ja hyppääjä asettui niistä ensimmäiseen sekä hyppäsi sitten tynnyristä tynnyriin. Riua 12:sta tynnyristä.
Talvipuhteina vedettiin sormikoukkua, kissanhäntää ja niskanauhaa, joskus lyötiin painiksikin. Mutta nykyisin valitettiin yleisesti nuorten mieluummin istuvan korttien ääressä tai seurustelevan väkijuomien kanssa kuin antautuvan viattomiin ki-
sailuihin.",,,,,
kuluttajainlehti27031929,https://digi.kansalliskirjasto.fi/aikakausi/binding/3187689?term=v%C3%A4kikive%C3%A4&page=14,,1929-03-27,2025-12-09,"Se on varmaankin perintö csissiltämme, jotka eivät koskaan muulloin olleet niin mielityössään kuin silloin, kun he saivat väkikiveä vääntää, sylipamid heittää tai käsikarttua kiskoa katselijoin innostu-
neina seuratessa tiimellystä.",,,,,
savo09101888,https://digi.kansalliskirjasto.fi/sanomalehti/binding/449778?term=w%C3%A4kikiwe%C3%A4&page=3,,1888-01-09,2025-12-09,"Matkoillani satuin erääsen taloon, jota sanottiin wanhaksi ja siinä olikin todistuskappaleita siihen kylliksi. Heti kartanoon tultua pisti silmääni jotain ijäkkäisyyden tapaista. Kartano oli suuri. Huonerakennuksia kaikkiaan joku kymmenkunta. Mutta mikä oli merkillistä: ei yhtään huonetta ollut katettuna muilla katto-aineilla kuin tuohilla. Taisi kuitenkin kartanosta ulompana seisowa hiilihuone olla päreillä katettu, mutta muita ei näkynyt.. Minä riensin wasun ääreen, jossa oli wanhan aikaisia paperia koottu säilöön. Kuitit oli jykewästä paperista, monilehtisiä, waan ei umpisuomalainen saanut muuta selwää kuin wuosiluwun, joka oli wanhimmaksi säilyneessä 1788, ja maksajan nimen, kumminkin Pehr, jolla tarkoitettiin Pekkaa. Sitte katseltiin kaikkia tawaralootia ja paljon siellä oli, jotka muistuttiwat menneistä ajoista, eikä kaikkia kalistimia woinut ymmärtääkään, mitä niillä on tehtynä. Kuleksiessamme aittojen luota toiselle, kehoitti talon mies minun nostamaan erästä tien wierellä olewaa kiweä. Minä näin, kun se oli pienten kiwien päälle laitettu, että on sitä muutkin koettaneet, enkä malttanut olla yrittämättä. „Ei tämä minulta nouse, kohonneeko muiltakaan"" sanoin, kun ei kiwi ruwennut änähtämään. „Nousee se muutamilta. Mutta tämän talon wanhain miesten kerrotaan se käsiwaralla nakanneen sywän kuopan pohjalta ja olisi kuulon mukaan pitänyt sanoa, että „siinä on tulewalle miespolwelle wäkikiweä."" „Niin, ehkä owat kahden miehen wiskanneet."" „Ei kuin yksinään."" „No jospa lienewät kiwisiä peltoja myllistäessään woimistuneet niin wäkewiksi"" myönsin minä.",,,,,
tapio05091888,https://digi.kansalliskirjasto.fi/sanomalehti/binding/61611?term=w%C3%A4kikiwen&page=3,,1888-09-05,2025-12-09,"Kansan huwit Nurmeksessa
pidettiin kauppalan kentällä elokuun 25 p:nä. Huwit oli toimeen pannut Nurmeksen maalais-yhdistys ja erosiwat ne tawallisista kansan huweista siinä, että näissä palkittiin myös hywät kyntäjät, ojan kaiwajat ja käsitöitten tekijät.W asta jonkun ajan perästä alkoiwat pienemmät palkintokilpailut soudussa, juoksussa, hyppäämisessä, wäkikiwen ja painojen nostossa sekä kuulan heitossa. Juoksuun ja hyppäämiseen owat talonpojat kerrassaan tottumattomia eikä heiltä näissä olekkaan mitään erinomaisempaa odotettawissa, mutta mitä kolmeen wiimmeksi mainittuun kilpailuun tulee, osoittiwat Nurmekselaiset, että heissä wielä on tallella esi-isiensä terwettä woimaa ja etteiwät he tarwitse häwetä ruwetessaan woiman koetuksiin kenen kanssa ja missä tilaisuudessa hywänsä.",,1888-08-25,"Nurmes, kauppalan kenttä",,
kaiku28041928,https://digi.kansalliskirjasto.fi/sanomalehti/binding/1541473?term=V%C3%A4kikiven&page=4,,1928-04-08,2025-12-09,"Tässä Limingan asioita käsittelemään tarkoitetussa lehdessä ei liene aivan sopimatonta muistella erästä entisajan isäntää, joka eli viime vuosisadan alkupuolella ja keskivaiheilla ja kuoli noin 50 vuotta sitten. Se mies oli maanviljelijä Erkki Sunila Limingasta, josta aikanaan paljon puhuttiin ja nykyaikanakin usein mainitaan ja muistellaan. Erkki Sumia omisti aikanaan Sunilan, Ursalan ja Jussilan maatilat ja ehkä vielä muitakin maita, joten talo oli suuri, käsittäen noin -i manttaalia, joka oli todella suuri määrä yhden miehen hallussa täällä Pohjosessa.
..Sunilan ukko"", jolla nimellä häntä melkein yleensä mainittiin ja nytkin vielä mainitaan, oli etevä maanviljelijä, reipas työnteettäjä ja kaikin puolin sopiva ja esimerkiksi kelpaava isontalon isäntä. Työn teon tapa oli ensiluokkaista ja tapahtui se suurimmaksi osaksi kilpailun merkeissä.V. äkikiven nosto, väkikartun veto, näppipölkyn nosto y.rn. sekä pallon lyönti huvitti häntä kovasti. Sunnuntai iltasin omat miehet ja kylän miehet saivat palloa ilyödä Sunilan suurella pihamaalla pari kolme tuntia, jolloin ukko seurasi koko ajan sitä ja oli iloinen. Kun määräaika
tuli, sanoi hän. että tuota, tuota, nyt heitetään pois. Ja silloin se myös loppui, vaikka leikki olisi mihin jamaan jäänyt.",,,Liminka,,
turunsanomat06071906,https://digi.kansalliskirjasto.fi/sanomalehti/binding/712971?term=v%C3%A4kikivi%C3%A4&page=2,,1906-07-06,2025-12-13,"Kylän nuoria miehiä kokoontui tapansa mukaan sunnuntain iltapuolella kisailemaan Kaipion talon tanhualle. Lyötiin kiekkoa, nosteltiin sylin täyteisiä väkikiviä, kiisteltiin voimista. Ja kun tähän kyllästyttiin, haettiin kartanolta kärrynpyörät miesjoukkoon.
Ainoastaan jotkut harvat jaksoivat heittää raskaasti raudoitetut työkärryn pyörät päänsä yli.
— Kehnoja miehiä! ylvästelivät nämä voiman miehet ja vetäytyivät eri sakkiin, ikäänkuin häveten kuulua heikkojen joukkoon.
— Kyllä Mattikin pyörät päänsä yli heittää, väitti muudan poikanulikka heikkojen joukosta. Pyörät kohoavat hitaasti — hitaasti. Polvet ja käsivarret vapisevat, tummat ohimosuonet tuskanpunaisilla kasvoilla pullistuvat ja yhä useampi hikihelmi vierähtää otsalle. Vaistomaisesti taipuu oman puolueen miesten ruumiit taaksepäin Matin mukaan. Mutta vastapuolueen miehet kumartuvat raskaasti eteenpäin, ikäänkuin siten lisätäkseen kiviä kuorman päälle. Jo on akseli silmien tasalla, paljaitten käsivarsien jänteet pingoittuvat, silmät sulkeutuvat . . . jännittävä odotus, henkeä pidätellen . . . ratkaiseva ponnistunut . . . jymähdys . . .
Korkeimmillaan ollessa putosi akseli pyöräin koko painolla Matin rinnan päälle ja kaasi hänet allensa tanhualle. Ei kukaan miehistä liikkunut paikaltaan. Mutta Marjaana juoksi kaatuneen luo, kohotti hänen verta vuotavan päänsä syliinsä ja huusi hänen nimeänsä. Vaan kun ei
saanut vastausta, hän pyörtyneenä hervahti Matin rikkoutuneen rinnan yli.",,,,,
louhi10061898 ,https://digi.kansalliskirjasto.fi/sanomalehti/binding/531053?term=w%C3%A4kikiwen&page=2,,1898-06-10,2025-12-13,"Muu wäki nukkui jo Kiwelän suuressa pirtissä, mutta Ruoti-Aappo walwoi wielä. Loppui sitten tuo mierolaisen iloton elämä, kun hän pääsi hewospojaksi muutamaan isoon taloon ja ja sitten rippikoulun käytyään wakinaiseksi wuosirengiksi. Silloithan oli taas elämä huotettomampaa ja oppi kunnolliseksi työmieheksi. Hänestä kehittyi rotewa ja hartiakas nuorukainen. Wahwimpia hän
oli wäkikiwen nostossa ja painin lyönnissä. Nuo muistot ne saiwat tuon raihnaisen Aapon wielä nytkin innostumaan.",,,,,
ylavuoksi15081939,https://digi.kansalliskirjasto.fi/sanomalehti/binding/2142250?term=v%C3%A4kikive%C3%A4&page=2,,1939-08-15,2025-12-13,"Enson tehtaitten kymmenennet kesäurheilukilpailut suoritettiin viime lauantaina ja sunnuntaina Enson urheilukentällä. Nämät kisat ovat samalla olleet ikäänkuin perhejuhlia, joihin vanhan suomalaisen tavan mukaan Enson väki on tälle kentällä kokoontunut, kuten muinoin maassamme oli tapana kylänväen, niin vanhojen kuin nuorienkin, aina sunnuntaisin kokoontua kylänraitille kiekkoa lyömään ja väkikiveä nostamaan. Ne ovat samalla antaneet meille sen tunteen, että olemme saman kylän väkeä, yhtä perhettä, Enso-Gutzeitin joukkoa. Me saamme olla ylpeät siitä, että kilpailumme, jotka olivat laadussaan ensimmäiset maassamme, ovat herättäneet huomiota muuallakin ja on niitä meidän esimerkkimme mukaan ryhdytty järjestämään kautta koko maan eri teollisuusseuduille. ",,,,,
itasavo14081937,https://digi.kansalliskirjasto.fi/sanomalehti/binding/1993348?term=v%C3%A4kikivill%C3%A4&page=3,,1937-08-14,2025-12-13,"Kinnusen viran hoitajaksi määrättiin 1887 Juho Friman, joka oli syntynyt 30/7 1862 ja on nykyisin Viipurin maaseurakunnan kirkkoherrana, viettäen 75-vuotispäiväänsä samoihin aikoihin kuin Savonrantakin. Hän oli Savonrannalla vuoteen 1901, siis 14 vuotta, ollen vain vuotena 1895 muutamia kuukausia poissa, millä ajalla Aleksanteri Vehniäinen, synt. 28/2 1869, nykyinen Vahvialan kirkkoherra, oli v.t. kirkkoherrana. Friman, joka nuoruutensa parhaat vuodet täällä toimi, on jättänyt pysyvän muiston savonrantalaisten mieliin. Pappina hän vakavuudella, mutta samalla ystävällisenä ja usein toverillisena toimitti tehtävänsä. Mutta erikoisesti kiertelevät laajemmaltikin kertomukset hänestä näiltä ajoilta voimamiehenä, joka milloin hevosenkenkiä veti suoraksi, milloin nosteli hevosia ja rekiä tiepuoleen, milloin näytteli punnuksilla ja väkikivillä voimannäytöksiä j.n.e. Savonrannan keski-ijän ja vanhemman polven ihmiset muistavat hyvin hänet. ",,,,,
laatokka15071909 ,https://digi.kansalliskirjasto.fi/sanomalehti/binding/660546?term=w%C3%A4kikiwen&page=2,,1909-07-15,2025-12-13,"Raja-Karjalan salokylissä, kuulee wielä nytkin harmaahapsisten wanhusten ylpeillen kerskuwan, kuinka heidän suwussaan oli ennen ollut sellainen mies, jota ei yksikään kylän miehistä „wäkikartun"" tai „kissanhännän"" wedossa woittanut. Toiset taas oliwat olleet etewimmät „wäkikiwen"" nostossa, kiekon heitossa, taikka seiwäshypyssä, muutamat painissa, palikan kaadannossa j. n. e.
Ei entiseen aikaan ole nuorille miehille tullut kysymykseenkään juopotteluissa y. m. s. ajan kuluttaminen*), waan jokainen koetti parhaansa mukaan mainitsemissani kilpailuissa aikansa kuluttaa ja itseänsä kunnostaa. Talwisin taas kokoonnuttiin suuressa joukossa johonkin taloon, jossa woimien mittaamisessa, satujen kerronnassa, arwoitusten, sananlaskujen ja Kalewalan laulujen kaikuessa hupaisesti illat kuluiwat.
Näistä esi-isäimme elämäntawoista selwästi näemme, kuinka woimistelu woipi raaimmankin luonteen itsekkäistä intohimoista hillitä. Siis enemmän woimistelua ja urheilua nuorisollemme!
Onhan ruumiimme ja henkemme kehittäminen yksi korkeimpia elämän ihanteita, joiden edestä kannattaa jokaisen työtä tehdä.",,,,,
kakisalmensanomat11081934,https://digi.kansalliskirjasto.fi/sanomalehti/binding/1737565?term=V%C3%A4kikiven&page=5,,1934-08-11,2025-12-13,"KORPELAN PEKKA JUTTELEE MUKAVIA MENNEILTÄ URHEILUVUOSILTA.
»KÄKISALMEN SANOMAT» tietäessään, että liikemies Pekka Komonen (Korpela) Käkisalmen Tenkalahdesta tietää yhtä ia toista mukavaa Käkisalmen Ja ympäristön vanhoista urheiluoloista, ja että liikemies Komosella on taito' esittää asiat kultaisen huumorin valossa, haastatteli eilen m.m. häntä. Puoli vuosisataa sitten ei urheilusta tiedetty mitään. Kaikki urheiluun viittaava oli voimailua. Ensimmäiset varsinaiset urheilukilpailut Käkisalmessa pidettiin kaupungin 600- vuotisjuhlien yhteydessä kesäkuun 28 p : nä 1894 Vanhalla linnalla. Sitä ennen kuitenkin oli paikkakunnalla elänyt voimamiehiä sellaisia kuin Vuohensalossa Juho Vuohelainen ja Tenkalahdessa Juho Komonen, allekirjoittaneen isän isä. Viimemainittu painoi noin 7 puntaa, risti silmänsä 3 puudan punnuksella ja heitti sen sitten kellarin kat-olle, kantoi 308 kiloa selässään ja oli muutenkin sellainen pehu, ettei häneen niin paljon miehiä kiinni mahtunut, että hänelle mitään olisivat mahtaneet. Vuohensalossa hän kerran kantoi vhdellä kertaa neljä miestä jyrkästä hiekkatöyräästä ylös ja isojaon aikana nosti Ostamolla maasta n.s. Väkikiven ja heitti aidan yli, sen sijaan kun viimemainittua kiveä kukaan mue ei ollut käsivoimin saanut edes liikkumaan.",,,,,
uusiaura25041914,https://digi.kansalliskirjasto.fi/sanomalehti/binding/1192343?term=W%C3%A4kikiwen&page=3,,1914-04-25,2025-12-14,"Ruumiin harjoitukset kotiseutututkimuksen esineinä: Kosäurheilulle ominaisimpia owat olleet monellaiset liikuntoleikit, niin lasten kuin aikuisten harjoittamat. Nykyään owat sen tapaiset harrastukset warttuneelta wäeltä pyrkineet jäämään syrjään, ja olisi tiedot niistä sitä suuremmalla syyllä keräiltäwät unohtumasta. Pyhäiltapäiwin niille keräydyttiin ja luonnollisesti siinä monellainen leikki ja kisa sai sijaa. „Wäkikiwen"" nostoa mainitaan sellaisissa paikoissa, tai „työntökiweä"", käytetyn woiman mittarina, sekä painia, kantamista, muunlaatuisista koetuksista, karkelokisoista y. m. puhumatta. Eduksi lienee osalta käyttää myöskin sen mukaista jaoitusta, oliwatko „harjoitukset"" woiman, notkeuden, nopeuden, on wai äwyyden koetuksia. Ensi ryhmään kuuluu esim. sellainen temppu kuin astuminen lattialta penkille ja siitä pöydälle mies selässä ja mies kummassakin kainalossa, jota eräällä paikkakunnalla oli wankemman wantteruuden kokeena käytetty. Kärryn pyöräparin heitto yli pään, rattaiden wetäminen jyrkän Ehteen päälle owat kansan miesten käyttämiä erikoisia woimankoetuksia. Täydellä syyllä on ruumiillista työtä urheilun kannalta tässä otettawa huomioon. Kilpailu elotalkoissa eri sarkojen leikkaajain wälillä oli työssä suoritettu joukkue-urheilukilpailu. Miehen woimia kuwailtiin mainitsemalla, minkä mitan wiljaa hän kerralla kykeni kantamaan riihen kynnykseltä pihan yli oittaan. Sis. viite Täydellisin näistä lienee: Anni Collan, Suomen kansan leikkejä, Söderitröm 1904. siw. 216",,,,,
collan1904,https://helka.helsinki.fi/permalink/358UOH_INST/1a9ac4k/alma9911594113506253,Anni Collan,1904-01-01,,"Collan, A. (1904). Suomen kansan leikkejä. Werner Söderström.",,,,,
kokkola14111933,https://digi.kansalliskirjasto.fi/sanomalehti/binding/1866112?term=v%C3%A4kikiven&page=3,,1933-11-14,2025-12-14,"Ihme ja kumma eivät ruotsalaiset ja suomalaiset koskaan tapelleet keskenään, vaan heidän välissään käytiin vain rauhallisia voimankoitoksia väkikiven nostossa, kärrynpyörien heittämilsessä, kissanhännänivedossa j.n.e. Sensijaan suomäkisten naapurien välit olivat paljon huonommat. Mikäli menneisyyteeni voidaan tunkeutua, lienee vihankaunan perimmäisenä syynä olleet vanhat riidat pitäjien jaosta, kirikönpaikoista ja sellaisista, mitkä johtivat halventaviin haukkumanimiin, naapureista. Kaustisen ja Vetelin välit kirkkoriidoista asti olivat olleet hyvin kireät.",,,,,
keskipohjanmaa16071932 ,https://digi.kansalliskirjasto.fi/sanomalehti/binding/1862677?term=v%C3%A4kikiven&page=4,,1932-07-16,2025-12-14,"Tervahaudalla.
Oli kevätkesän ilta tervahuudalla. Edellisenä iltana oli jo terva saatu valmiiksi tynnyreihin. Oli kokoonnuttu viimeistelyihin, tavallaan juhlimaan. Sinne oli kokoontunut myös kylän nuoriso kisailemaan. Pojat suorittivat urheilua: siinä oli väkikiven ja rangan nostoa, kissanhännän ja sormikoukun vetoa ja sylipainin heittoa, joita tytöt mielenkiinnolla seurasivat. Alkoi leikin vuoro, oltiin läskisillä, sitten seurasi laululeikkejä ja tanssin tapaista. Musiikista huolehtivat tytöt keleillä äänillään, johon lauluun kesäillan kaiku etäämpää vastasi. Siellä syrjempänä vanhempi väki tarinoi hilpeänä, monta tarinaa ja matkakertomusta esitettiin, kerrottiin satuja ja kummitusjuttuja, joita pikkupojat siimat pyöreinä jännityksellä kuuntelivat. Taivaan merkeistä povasivat ilmanennustajat hyvää vuoden satoa. Oli hetki kulunut auringonlaskusta, väki oli poistunut tervahaudalta, kylän raitilta kuului vielä nuorison iloista hälinää. Ikäänkuin vaistomaisesti toisista jälelle jäivät Niemen Kustaa ja Pikkulahden Liisa, heillä oli yhteisiä asioita, jotka koskivat uuden kodin perustamista. Tervahaudan takana, ei kaukana jokipurosta, oli hyvää kaskimaata ja kuokalla raivattavaa korpea, jonka keskellä oli koivuja ja pihlajia kasvava mäki. Tähän oli Kustaa talonpaikan katsonut. ",,,,,
lansisavo24041922,https://digi.kansalliskirjasto.fi/sanomalehti/binding/1021138?term=V%C3%A4kikiven&page=4,,1922-04-24,2025-12-14,"myydään 1 p. toukok. Hirvensalmen Kekkolan kylässä Väkikiven talossa 1 venhe, 1 lehmä, 3 lammasta ja pienempi määrä perunoita ja kaikenlaista taloustavaraa. Hirvensalmi 24. 4. 1922.",,,,,
virtainahtarinalavudenkuortaneentoysansanomat26051927,https://digi.kansalliskirjasto.fi/sanomalehti/binding/1716209?term=v%C3%A4kikiven&page=6,,1927-05-26,2025-12-14,"Erään ajanjakson urheilu viime vuosisadalla esim. oli sellaisessa muodossa, jota ei enää pitkään aikaan ole hyväksytty. Tuskinpa silloinkaan hyväksyttiin, vaikka sitä kyllä ihailtiin. Tarkoitan puukkojunkkarien aikaa, jolloin urheilu pääsi pukeutumaan tappelun muotoon. Vaikkapa se olikin raakaa, niin sittenkin se oli urheilua. Sitä ihailtiin ja sen harjoittelijat kehittyivät luonnon, sisun ia voimain puolesta sellaisiksi mestareiksi, että heitä vastaan ei ollut hyvä ruveta rimpuilemaan. Tämä tällainen raaka urheilumuoto on onneksi jo aikoja sitten hyljätty. Joskin sitä vielä silloin tällöin eri paikkakunnilla ilmaantuu, niin ei se enää kuitenkaan ole urheilua eikä kenenkään ihailemaa. Varsinainen järjestetty ja päämäärästään tietoinen urheilu ui mi vielä pitkän ajan kehdossaan, vaikka tuo raaka urheilumuoto tulikin hyljätyksi. Vanhat ihmiset viejä hyvin meistävät minkälaisia urhe.hrtapoja minäkin ajan kohtana on ollut käytännössä. Toisinaan ovat raittipainit olleet käytännössä, jonka perintöä lienevät nykyaikaiset järjestetyt näyttämöllä painimiset. Toisinaan taas on ollut käytännössä kärrynpyöräin heitto pään yli, väkikalika-n veto. kissanhännän ia hyppystikun veto sekä vielä niskanuoran veto, joka lienee ollut kaikista enimmän ruumiin voimia kysyvää, jossa ej harjoitus paloakaan vaikuttanut. Vielä on ollut käytännössä väkikiven nosto, lavitsan eli tuolin kääntö, y.m., jota on tarpeetonta tässä luetelia. Kaikki nämä ovat kuitenkin olleet aikansa urheilumuotoja ja laillaan voimia kehittäviä, joten näidenkin urheilumuotojen harjoittelijat ovat kukin omalla alallaan kehittyneet muita etevämmiksi.",,,,,
virtainahtarinalavudenkuortaneentoysansanomat23061927,,,1927-06-23,2025-12-14,"Ennen maailmassa nostettiin väkikiviä ja vedettiin väki kalikkaa Ja joskus myöskin painittiin. Kaikki nämä kysyivät voimaa ja urheutta ja näiltä ajoiltapa Heneväitkin nimitykset: voimailu ja urheilu. Näinä arkoina heitedään, hypitään ia suostaan. Näissä kysytään nokkeluutta
ia kestävyyttä.",,,,,
savokarjala30051900,https://digi.kansalliskirjasto.fi/sanomalehti/binding/559405?term=w%C3%A4kikiwen&page=2,,1900-05-30,2025-12-14,"Waroittawa wahinko. Wiime sunnuntaina Wäinölänniemellä kansanjuhlassa oli kilpailuna m. m. wäkikiwen heittoa. Eräältä heittäjältä luiskahti kiwi siwulle ja kimposi läheisyydessä seisowaan yleisöön, seurauksella, että muutamalta mieheltä puhkesi pää. Mies täytyi heti toimittaa lääkärin apua saamaan. Tällaiset urheilut waatisiwat katsojien pysymään loitommalla.",,,,,
kaiku03081938,https://digi.kansalliskirjasto.fi/sanomalehti/binding/1995840?term=v%C3%A4kikiven&page=3,,1938-08-03,2025-12-14,"Se Porho-Ville oli tosiaan jo haamasta poika, vekkulista asti sellainen itsensä kehuja. Aina tahtoi hän poikasakissa, kun dl kysymys jostakin urheilusta, esimerkiksi kuulantyönnöstä. väkikiven nostosta, tahi muusta sellaisesta, niin' hänen tarkoituksensa oli, että hänen piti näissä olla aina voiman oikealla puolen.",,,,,
kaiku03041905,https://digi.kansalliskirjasto.fi/sanomalehti/binding/1044167?term=w%C3%A4kikiwen&page=3,,1905-04-03,2025-12-14,"Kansan nuorison huwiharrastukset.: Mitä nyt tulee nuorison hupiharrastuksiin joissakin osissa maakuntaamme saamme hawaita, että siinä todellakin on taantuminen tapahtunut. Tässä erityisesti tarkoitetaan semmoista nuorisoa, joka pysyy ja tahtoo pysyä ulkopuolella järjestyneestä, joskin höllästikin järjestyneestä nuorisosta. Ennen, nyt kysymyksessä olewa nuoriso, käytti joutoaikansa monenlaisiin woiman koitoksiin, urheiluun, joista mainittakoon wäkikiwen nosto ja -heitto monessa eri muodossa, paininlyönti, wäkikariun- ja koukkusormen weto, sekin monessa muodossa, hyppäys- juoksu, palloleikit y. m. Tanssia niinikään käytettiin, mutta epäilemättä järkiperäisemmin kun nyt. Kunnioitus wanhempaa wäestöä kohtaan ilmeni nuorisossa selwästi; milloin järjestykselle muistuttawa waatimus tehtiin heidän puoleltaan, se todellakin otettiin kuulewiin korwiin.
Semmoisissa huwittui nuorison aika silloin. Mutta toista on nyt. Juoppoutta harjoittiwat ennen osa wanhoista miehistä, mutta nyt nuoret. Kortinpelausta harjoittiwat muutamat retumiehet, nyt järkiään nnoret miehet ja wanhempaa wäkeä wastaan riidellessään tässä asiassa, selittäwät he pelinsä olewan „wiatonta leikkiä"", jota „herratkin"" harjoittawat. Todellakin kuwaawaa mistä päin tapa on kotoisin!",,,,,
liitto14021935,https://digi.kansalliskirjasto.fi/sanomalehti/binding/2052933?term=v%C3%A4kikiven&page=4,,1935-02-14,2025-12-14,"Kirje Rantsilasta.
Liitossa n:o 33 olleen kirjoituksen johdosta joka koski Rantsilan Sipolankylän Ry. uuden Pyrinnön talossa- vietetyltä iltamia, tahtoo allekirjoittanut sanoa muutaman sanan koska edellä olleen kirjoituksen ..Mitä on tehtävä” kirjoittaja ruotii raittius- ja nuorisoseuroja siitä, että heidän toimintansa on madaltunut. Siinä samassa tilaisuudessa oi; kyllä muistelmia vielä vanhemmalta ajalta, jolloin täällä, niinkuin muuallakin on tapana ollut pitää min sanottuja nurkkatansseja, jotka on joko voinut olla jonkun talon riihirakennuksessa tai vieläpä maantiesillallakin. Silloin miesten urheiluharrastuksena on ollut väkikiven nosto, voimain mittely tai muu sellainen joka joskus on voinut johtaa jou k k o tappe luu n. 1 ilanne ei ole niin alhainen kuin edellinen kirjoittaja on kuvannut. Me emme voi sietää sellaisia solvauksia minään muuna kuin kahvipuheina. Meidän pyrkimyksemme on nykyisen valistavan hengen, mukainen, tahdomme tuoda nuorisolle korkeampaa, kauniimpaa ja jalompaa pohjaa. ",,,,,
kokkola15071913,https://digi.kansalliskirjasto.fi/sanomalehti/binding/1255274?term=w%C3%A4kikiwen&page=3,,1913-07-15,2025-12-14,"Urheilu on nykyaikaisessa nuorison elämässä saanut enemmän järjestelyn ja monipuolisemman muodon, kuin entisaikain paininheitto, wäkikiwen nosto, pallonlyönti eli kopilla olo ja kissanhännän sekä koukkusormen weto oliwat. Urheilun on ennen waikuttanut eli toimeen saanut kaswawa ja ilmaisumuotoja kaipaawa woima, joka ruumiillisen waurastumisen ijässä pyrkii näyttäytymään. Osaksi on asian laita wielä nytkin niin, mutta nykyaikainen urheilu tarkoittaa kuitenkin pää-asiallisesti enetämään ja wahwistamaan ruumiillista jäntewyyttä yleensä tahi lisätä woimaa johonkin erityiseen urheilu lajiin nähden.",,,,,
ilkka29051936,https://digi.kansalliskirjasto.fi/sanomalehti/binding/1989269?term=V%C3%A4kikiven&page=6,,1936-05-29,2025-12-14,"Jo useita vuosikymmeniä takaperin, kun ei vielä urheilusta paljoakaan tiedetty, eli Evijärvellä nuorison keskuudessa kaikenlainen kilpailuharrastus. Väkikiven nosto ja puukellon soitto olivat tavallisimmat kilpailumuodot, joilla paremmuutta koeteltiin. Puukellon soitto olikin ihan välttämätöntä jokaiselle, sillä täytyihän miesten kyetä soittamaan kirkon isoakelloa, jota nykyisin nyitään vain kielestä. Usein olivatkin Evijärven miehet hämmästyttäneet ruotsalaisia kiskomalla Pietarsaaren isonkellon pystyyn kahden miehen voimalla, kun sensijaan ruotsalaisten parhaitakin miehiä tähän tarvittiin neljä. Kuitenkin oli siihen aikaan pääasiallisimpana ”urheilulajina” tappelu. Aivan samoin, kuin nykyään pelataan pesäpallokilpailuja, tahi käydään muita kylä- ja seura-otteluja, kävivät 19:en vuosisadan nuorukaiset hurjia kylätappeluita. ”Härmän häjyt” ja muut naapuripitäjien miehet saivat aina lähteä takaisin rusikoituna ja veressäpäin milloin uskalsivat tulla Evijärvelle mellastelemaan. Evijärveläisillä onkin sukupolvesta sukupolveen siirtyneenä perintönä vankka, voimakas ruumis, pitkät kädet ja peräänantamaton, oikea pohjalainen sisu. Tämän kaiken on kasvattanut karu, kivinen maa, joka on vaatinut voimakkaita lujatahtoisia miehiä, sitä pelloiksi raivattaessa.",,,,,
hameensanomat27061931,https://digi.kansalliskirjasto.fi/sanomalehti/binding/1822328?term=v%C3%A4kikive%C3%A4&page=4,,1931-06-27,2025-12-14,"Nätnä tähän motoksi lainatut säkeet ovat Heikki Seliinin, hämäläisen kansanrunoilijan, joka viime vuosisadan puolivälissä ja sen jälkeisinä vuosikymmeninä oli hyvin tunnettu merkkimies Hämeenlinnan ympäristöpitäjissä, varsinkin Tuuloksessa, Hauholla, Luopioisissa ja Lammilla. Tämä Heikki Manuopoika sovitteli sukuniraeään useampaankin tapaan, kirjoittaen milloin Henrikki Selin tai Heikki Selkänen, päätyen kuitenkin lopulta tuohon kansanomaiseen Heikki S elimiin, jolla 1 nimellä hänen muistonsa vieläkin elää paikkakunnan vanhemman polven mielessä.. Esitettäköön tässä vielä muutamia näytteitä näistä »Armätin» runoista. Esim, runossa »Väinämöisen matka» kuvataan kuinka muutamat Hämeen pitäjät ja järvet ovat nimensä saaneet. Runo alkaa näin;
»Ukko vanha Väinämöinen Pani omat paimenehen, Lapset lammasten ajohon, Karja kulki kaii'as koTsta, Lapin synkkihin saloihin. Tuli lempo lepikosta,
Kuiva noukika kuusikosta. Otti lapset orjiksensa, Kanto kauas kalliohon, . Jossa pani pakkotyöhön, Vakaset suureen vaivahan.' Vainen väänsi väkikiveä, Väinätär värttinätä.»",,,,,
liitto14121915,https://digi.kansalliskirjasto.fi/sanomalehti/binding/1265825?term=w%C3%A4kikiwess%C3%A4%C3%A4n&page=4,,1915-12-14,2025-12-15,"Entisajan jättiläinen Haapa järweltä: 
Taru kerkoo Haapajärwen kirkon kylällä asuneen kaksisataa wuotta sitten talon isännän LLemetti Järwen pään, Alapellon talossa, mistä hänen jälkeläisensä eli sukunsa kertowat seuraawaa. Lemetti on jo nukkunut kuolonunta kaksisataa wuotta, mutta kuitenkin hänen woimansa jo wäkensä elää wielä hänen wäkikiwessään, mitä sijaitsee wanhan Istulan talon jo hajotetetun tuwan porraskiwenä. Kuitenkin Lemettiwainajan kunnioittajat owet nykyään ottaneet kiwen puutelain pääl le tarkastettawaksi. Kiwi on 6 kort telta pitkä, paksuus toiselta kantilta 4, totselta 3 kortielia. Paino arwioitu 400 kiloksi. Tämän kiwen ääressä sopisi aikalaistemme jättiläiswoimaisteu henkilöitten käydä Lemetti wainajan kanssa woimiaan mittaamassa, jotta saataisiin nähdä, owatko ihmis woimai 200 wuoden ajalla kehittyneet ylös wat alaspain. Kerran kun Lemetti oli ollut pilan nawettaa rakentamassa muiden seurakuntalaisten kanssa, niin eräs mies oli tuonut nawettaan wiittä syltä pitkää hirttä, mutta hewonen ei jaksanutkaan wetää perille, waan jäi hirsi pappilan notkon pohjaan. Tä män hawaittuaan meni Lemetti seukalaisteasa kanssa auttamaan kuormaa mäen päälle. Mutta kun Lemetti oli täynnä kunnianpyyntöä ja kiiwautta, niin sanoi towereillessa: menkäät kaksi teistä tuon hirren päälle, toinen toi seen ja toinen toiseen päähän, minä nostan tuon keskiä olkapäälleni ja wien nawetan seinälle. Ja niin urhea Lemetti tekikin.
Kerran L metti oli tawanaut wainionsa aidan takana parwen penroja, Lemetti nouti k tounsa keihäänsä ja meni ajamaan peureja ja kun oliwat Haapojärwen Sawinewan laidalle tulleet, niin oli Lemetti kaatanut 7 penraa.
Edellä kerrotut tapahtumat owat niin tuttuja, ettet niitä tarwuse pitää ämmäin loruna. Olen minäkin niitä kuullut jo 70 wuotta sitten esi isäini suusta. Matti Leipälä.",Lemmetin väkikivi,,,,
itasuomensanomat10031903,https://digi.kansalliskirjasto.fi/sanomalehti/binding/631977?term=w%C3%A4kikiwen&page=2,,1903-03-10,2025-12-15,"Lappeeiranta, laalisk. 14 p. 196.
Sananen urheiluata. Se, joka on liikkunut wanhemman kansan keskuudessa tietää, että wanhan kansan miehet harjoittiwat innokkaasti sellaisia urheilun lajeja kuin kilpasoutua, kilpajuoksuja, wäkikiwen nostoa, wäkikartun wetoa ja painimista, ja wanhemman polwen sitkeys ja kestäwyys, josta usein wieläkin näkee aiwan ihmeteltäwiä esimerkkejä, on epäilemättä johtunut siitä ruumista karkaisewasta urheilusta, jota se nuoruutensa päiwinä on harjoittanut. Ja jos missään niin sellaisessa karussa ja kyl mässä maassa kuin meidän tarwitseekin asukas woimakasta ja terwettä ruu mista kestääkseen niitä waikeuksia ja rasituksia, joita ilmanala ja karu luonto täällä aseltaa ihmkselle. Urheilun suhteen ollaan nykyään samalla kannalla, jota roomalainen Cicero aikoinaan ihmetteli ja iwasi kreikkalaisissa. „Mitä onkaan mies, jolla on härän woimat, mutta tyhä pää, sellaisten miesten kuin Platon ja Aristoteleen rinnalla?"" kysyy hän ja saman suuntaisia kysy myksiä woitaisiin tehdä monelle nykyaikaisellekin urheilusankarille.",,,,,
siirtolainen27061894,https://digi.kansalliskirjasto.fi/sanomalehti/binding/2843599?term=v%C3%A4kikiven&page=8,,1894-06-27,2025-12-15,"Suomalaisten kansanjuhla viime sunnuntaina (juhannuspäivänä) Brooklynissa alloi koväp hyvillä toiveilla. Ilma, joka edellisinä päivinä oli ollut tukahduttavan kuuma, muuttui viileäksi. Juhlapaikka oli erittäin suomalaista seutua muistuttava: sievä lehkomctsä pienen lammen ympärillä. Sähkörautatie kulki aivan juhlapaikan (13 avenueu ja 68 kadun kulman) ohitse. Kilpailuja oli useampia: kilpa-ampumista, säkissäjuoksua, väkikiven nostoa, miesten ja notSten kilpajuoksua y.m.",,,,,
liitto28101922,https://digi.kansalliskirjasto.fi/sanomalehti/binding/1432505?term=v%C3%A4kikiven&page=6,,1922-10-28,2025-12-15,"Voima kasvoi korven raadannassa ripevs hirven hlmdsmuu .ä kotiurheu luiden ohessa. Aivan yleisiä olivatkin
niin syli? kuin housunkauluspainit, väkikiven nostot, kissanhännän ja väkikartun vedot ynnä monet muut kotoiset mvllcrrvkset.",,,,,
savokarjala16081895,https://digi.kansalliskirjasto.fi/sanomalehti/binding/547670?term=w%C3%A4kikiwe%C3%A4&page=3,,1895-16-08,2025-12-15,"Hurjaa leikkiä. Toissa iltana kokoontui useampia nuoria miehiä muutaman talon pihamaalle Kuopion pitäjässä ja alkoiwat ajan kuluksi nostella niin sanotttua wäkikiweä. Woimansa takaa sitä jokainen koetti nostaa, eikä toinen tahtonut jäädä toistaan huonommaksi. Eräs renkimies, joka oli jo kylän keskuudessa wahwuudestaan tunnettu, tahtoi näyttää nytsuuria woimiaan ja asetti sentähden kaksi wankka kiweä päällekkäin. Paino nousi tosin, mutta tiukalle se nostajankin otti, koska häneltä ohimo repesi. — Eiköhän olisi selwempää moinen arwoton ottelu jättää hiukan helpommalle.",,,,,
vaasansanomat10061878,https://digi.kansalliskirjasto.fi/sanomalehti/binding/457179?term=woimamiehet&page=3,,1878-06-10,2025-12-15,"Sekä Grönlannin että muiden eskimoolaisten tykönä näyttää waan sillä olewan oikeutta päällikkyyteen, joka on osoittanut iisensä wäwimmäksi ja rohkeimmaksi. Heillä on muutamia perintömuistoina kulkewia sääntöjä leikeistä ja harjoituksista, joiden kautta tämä etewyys määrättiin. Tätä tapaa kesti wielä uudempana aikana, ja wieläkin on sen jäännöksiä jäljellä heidän ajoittain uudistuwissa huwituksissa. Painiminen, juoksu, sormitaikka käsiwarsi-koukun wetäminen, toinen toistansa sysiminen leualla istualta, lyöntien antaminen ja ottaminen wuoroin wasempaan olkaan, ampuminen pisimmälle ja lujimmalla jousella, raskaimman kiwen kantaminen pisimmän matkan — sellaiset harjoitukset kuuluiwat woiman näytteisin. Näinpä minäkin muutamia kiwiä, jotka muistona wielä owat samalla paikalla, johon woimamiehet ne kantoiwat. Päällikön arwon etewyysoikeuksiin kuului se epäiltäwä etu, että sai pitää niin monta waimoa, kuin woi elättää. Paitse sitä ei häntä erittäin pidetty muita parempana.",,,,,